ID,知识点,题型,主观题类型,题干（前120字）,正确答案（前80字）,选项数量,难度
1,无,objective,-,在完全竞争市场中，长期均衡时利润为？,零,4,1000
2,无,subjective,calculate,请论述数字经济对现代宏观经济政策制定的影响。,,0,1200
4,无,objective,-,在凯恩斯交叉模型中，均衡产出条件是什么？,B,4,1000
5,无,objective,-,假设一个经济体的边际消费倾向（MPC）为0.8，且没有税收和对外贸易。如果政府购买（G）增加100单位，根据凯恩斯交叉模型，均衡产出（Y）将增加多少？,D,4,1300
6,无,objective,-,在凯恩斯交叉模型中，如果边际消费倾向（MPC）为0.75，政府购买乘数和税收乘数分别是多少？,A,4,1400
7,无,subjective,calculate,简述凯恩斯交叉模型中‘计划支出’与‘实际产出’的关系，并解释模型如何达到均衡。,在凯恩斯交叉模型中，计划支出（E）是家庭、企业和政府计划购买的商品和服务的总和，即E = C + I + G。实际产出（Y）是经济实际生产的商品和服务的价值。模,0,1500
8,无,subjective,calculate,论述凯恩斯交叉模型的核心思想及其政策含义。请结合模型中的乘数效应，分析财政政策（政府购买和税收变化）如何影响短期均衡产出。,凯恩斯交叉模型的核心思想是，在短期价格水平粘性的假设下，一个经济的均衡产出水平主要由总需求或计划总支出决定，而非经济的生产潜力（总供给）。模型强调需求侧的主导作,0,1700
15,无,subjective,calculate,1*(1+y*)^2=1268.16   得y*=9.99%\n即年复合收益率为9.99%,\n\n备注：到期收益率是使债券的支付现值与其价格相等的利率；当期收益率为每年支付的利息支付除以债券价格；复合收益率是假定在所有的利息支付都可以再投资的前提下，,0,1253
17,无,subjective,calculate,零息债券的价格反应的远期利率如下\n除零息债券外，投资者还可以购买一种每年付息60美元的3年期债券，面值为1000美元，试计算：\n该付息债券的价格是多少？\n该附息债券的到期收益率是多少？\n根据预期假说，该附息债券的预期可实现的复合收益,（2）到期收益率y满足：\n60/(1+y)+60/(1+y)^2+1060/(1+y)^3=984.14\n解得y=6.6%\n（3）利息再投资与本金的终值\,0,1208
21,无,subjective,calculate,零息债券的到期收益率即为即期利率；,,0,1201
22,无,subjective,calculate,在利率变化确定的情况下，可从零息票债券的收益率曲线中推出未来短期利率f；,,0,1202
23,无,subjective,calculate,期望假说认为远期利率等于市场整体对未来短期利率的预期，即f=E，流动性溢价为0；,,0,1203
24,无,subjective,calculate,而在流动性偏好理论中，Fn=E(Rn)+流动性溢价。,,0,1204
25,无,subjective,calculate,期望假说假设了所有债券是相互替代的，因此所有的债券都具有相同的预期收益率。\n掌握了这些知识点，利率的期限结构这类计算题也就没有难度了。,,0,1205
28,无,subjective,calculate,在上题中，假设你是投资者，并想构建1个3年后开始执行的2年期远期贷款。\n假设你于今天买入一份3年期零息债券，需要卖出多少份5年期零息债券才能使初始现金流为零？\n这一策略中每年现金流是多少？\n对这笔3年后执行的2年期远期贷款，实际的2年,（2）\n（3）两年期远期贷款实际利率为1204.5/1000-1=20.45%\n（4）第4年和第5年的1年期远期利率分别为9.5%和10%,0,1214
29,无,subjective,calculate,095*1.1=1.2045=1+（3年后远期贷款的2年远期利率）\n5年到期收益率为9%，3年到期收益率为8.5%,\n\n备注：同上题，只不过主体改变了，将头寸方向改变至相反就可以了。,0,1201
39,无,subjective,calculate,在今后的两年内每年年末你将支付10000美元的学费开支，债券即期收益率为8%。\n你的债务的现值与久期各是多少？\n期限为多久的零息债券将使你的债务完全免疫？\n假定你购入一零息债券使其价值与久期完全等于你的债务，现在假定利率迅速上升至9%,久期D=(10000/1.08*1+10000/1.082*2)/17832.65=1.4808年\n（2）要使债务免疫，需要久期为1.4808年的零息债券，面,0,1225
40,无,subjective,calculate,65*1.08^1.4808=19985.26美元\n（3）如果利率上升到9%，零息债券价值下降到,,0,1332
41,无,subjective,calculate,26/1.09^1.4808=17590.92美元\n学费债务的现值PV=10000/1.09+10000/1.09^2=17591.11美元\n净头寸下降0.19美元,\n\n备注：有一个知识点没在免疫的第一道题就说，而是放在后面，主要是想看看大家是否注意到了一个细节：免疫并不等同于充分融资。也就是说，前面几道题认为免疫组合的,0,1385
111,无,subjective,calculate,"1*(1+y*)^2=1268.16   得y*=9.99%
即年复合收益率为9.99%","

备注：到期收益率是使债券的支付现值与其价格相等的利率；当期收益率为每年支付的利息支付除以债券价格；复合收益率是假定在所有的利息支付都可以再投资的前提下，使最",0,1653
113,无,subjective,calculate,"零息债券的价格反应的远期利率如下
除零息债券外，投资者还可以购买一种每年付息60美元的3年期债券，面值为1000美元，试计算：
该付息债券的价格是多少？
该附息债券的到期收益率是多少？
根据预期假说，该附息债券的预期可实现的复合收益率是多少","（2）到期收益率y满足：
60/(1+y)+60/(1+y)^2+1060/(1+y)^3=984.14
解得y=6.6%
（3）利息再投资与本金的终值
FV=",0,1208
116,无,subjective,calculate,"期望假说假设了所有债券是相互替代的，因此所有的债券都具有相同的预期收益率。
掌握了这些知识点，利率的期限结构这类计算题也就没有难度了。",,0,1205
119,无,subjective,calculate,"在上题中，假设你是投资者，并想构建1个3年后开始执行的2年期远期贷款。
假设你于今天买入一份3年期零息债券，需要卖出多少份5年期零息债券才能使初始现金流为零？
这一策略中每年现金流是多少？
对这笔3年后执行的2年期远期贷款，实际的2年期利率","（2）
（3）两年期远期贷款实际利率为1204.5/1000-1=20.45%
（4）第4年和第5年的1年期远期利率分别为9.5%和10%",0,1214
120,无,subjective,calculate,"095*1.1=1.2045=1+（3年后远期贷款的2年远期利率）
5年到期收益率为9%，3年到期收益率为8.5%","

备注：同上题，只不过主体改变了，将头寸方向改变至相反就可以了。",0,1201
127,无,subjective,calculate,"在今后的两年内每年年末你将支付10000美元的学费开支，债券即期收益率为8%。
你的债务的现值与久期各是多少？
期限为多久的零息债券将使你的债务完全免疫？
假定你购入一零息债券使其价值与久期完全等于你的债务，现在假定利率迅速上升至9%，你的","久期D=(10000/1.08*1+10000/1.082*2)/17832.65=1.4808年
（2）要使债务免疫，需要久期为1.4808年的零息债券，面值",0,1225
181,无,subjective,calculate,上题中的欧式看跌期权变为欧式看涨期权，其他条件不变，求看涨期权的价值。,"看涨期权价值为4.9元（可以用欧式看涨看跌期权平价关系进行检验）

备注：同上",0,1313
183,无,subjective,calculate,上题中美式看跌变为美式看涨，结果如何？,"

备注：同上题",0,1315
185,无,subjective,calculate,上题中看跌期权变为看涨期权，其他条件不变，结果如何？,"

备注：同上题",0,1317
191,无,subjective,calculate,7130-0.0140=1.6990,,0,1201
192,无,subjective,calculate,"7140-0.0135=1.7005
因此远期汇率为1.6990-1.7005","

备注：此题无难度，出在选择题中的可能性较高。需要记住“左低右高向上加，左高右低向下减”，不要在简单题上造成无谓的失分。",0,1201
199,无,subjective,calculate,在第0时点借入100万元的3年资金，在第3年末还本付息；,,0,1201
200,无,subjective,calculate,在第0时点贷出5年期、100万元的贷款。,,0,1202
201,无,subjective,calculate,"借入第3年到第5年的资金，方法为进入远期利率协议，规定可以在第3年以6%的利率借款，借款额为100*(1+5%)^3=115.76万元；
该套利组合收益如下：
贷款本息和=100*(1+7%)^5=140.26万元
偿还本息和=100*(1","

备注：套利所有的操作都是站在当下0时点的，有关未来的一切交易也都是站在现在，用远期/期货来操作。逻辑链是这样的：3-5年远期利率被低估，所以借钱——远期借款",0,1203
238,无,subjective,calculate,假设公司税为40%，重新回答上题。,"计划ⅠEPS=4美元/股 计划ⅡEPS=4.91美元/股
全权益EPS=3.31美元/股
两种情况下EBIT=5750美元
EBIT=5750美元

备注：存在",0,1365
62,APV,subjective,calculate,第一汽车公司希望向神舟租车公司售一批轿车。神舟公司对其用于租赁业务的轿车有以下规定：按直线法折旧，5年后将其处理，5年后预计无残值。公司预期这批轿车每年的税前经营性现金流为100000元，企业所得税率为25%，新增这批轿车不增加企业风险，全,"（1）设最高出价x元\nNPV=0=-x+100000*(1-25%)*PVIFA(10%,5)+x/5*0.25*PVIFA(4%,5)\n解得x=36571",0,1246
144,APV,subjective,calculate,第一汽车公司希望向神舟租车公司售一批轿车。神舟公司对其用于租赁业务的轿车有以下规定：按直线法折旧，5年后将其处理，5年后预计无残值。公司预期这批轿车每年的税前经营性现金流为100000元，企业所得税率为25%，新增这批轿车不增加企业风险，全,"（1）设最高出价x元
NPV=0=-x+100000*(1-25%)*PVIFA(10%,5)+x/5*0.25*PVIFA(4%,5)
解得x=365714.",0,1246
90,APV法,subjective,calculate,公司U无负债，公司L有10万元的债务，债务资本成本为8%，假设两家公司的税前利润都为10万元，且永续，公司的所得税率为25%，那么公司L的债务能带来多大的节税收益？假设U公司的全权益资本成本为20%，那么公司L和公司U的价值又会是多少？公司,"TS=B*tc=2.5
Vu=10*(1-25%)/20%=37.5
VL=Vu+B*tc=40
其中B=10、S=30
Rs=r0+(r0-rb)*(B/S)",0,1279
76,CAPM,subjective,calculate,泰坦矿业集团发行在外的普通股数为850万股，同时在外发行的还有200000份票面利率7.5%，每半年支付一次利息的债券，每份债券面值为1000美元。目前普通股的价格为每股34美元，贝塔值为1.2，债券距离到期日还有15年，同时销售价格是面值,（1）权益的市场价值=850*34=28900万元\n负债的市场价值=20*1000*93%=18600万元\n公司价值=47500万元\n其中债务与权益的比重,0,1260
105,CAPM,subjective,calculate,某集团正在考虑一个规模扩张型项目，公司负债的市场价值为10000万美元，公司权益的市场价值是20000万美元，负债是无风险的，公司所得税率为34%，β是2，无风险利率为10%，预期市场风险溢价为8.5%，假设该集团是全权益公司，该项目的折现,"（1）确定无杠杆即全权益公司的β
（2）利用CAPM确定折现率

备注：注意β的加载与卸载公式必须在负债无风险（βb=0）的情况下才能用。“公司的β”“权益的β",0,1294
106,CAPM,subjective,calculate,北极渔业公司在全权益融资的情况下，权益贝塔值为1.25。其中负债为290万美元，权益为380万美元，市场组合的期望收益率为12.4%，无风险利率为5.3%，公司税率为35%，负债是无风险的。求公司的权益贝塔值和权益的必要收益率。,"βs=β0*[1+B/S*(1-tc)]=1.87
Rs=rf+β*(rm-rf)=18.58%

备注：回忆贝塔的加载和卸载公式的使用条件。",0,1295
107,CAPM,subjective,calculate,L公司正在考虑一个规模扩张型的项目，公司负债的市场价值为1亿美元，公司权益的市场价值为2亿美元，负债是无风险的，公司所得税税率是34%，回归分析结果表示企业权益的β是2，无风险利率为10%，预期市场风险溢价为8.5%。假设L公司是全权益公司,"β0=βs*S/[S+(1-tc)*B]=1.5
Rs=rf+β*(rm-rf)=22.75%

备注：此题属基础题，重点在于掌握多种做法。请尝试第二种方法并检",0,1296
150,CAPM,subjective,calculate,泰坦矿业集团发行在外的普通股数为850万股，同时在外发行的还有200000份票面利率7.5%，每半年支付一次利息的债券，每份债券面值为1000美元。目前普通股的价格为每股34美元，贝塔值为1.2，债券距离到期日还有15年，同时销售价格是面值,"（1）权益的市场价值=850*34=28900万元
负债的市场价值=20*1000*93%=18600万元
公司价值=47500万元
其中债务与权益的比重分别为",0,1260
165,CAPM,subjective,calculate,"某股票每年支付一次固定红利，直至永远，其市场价格为50元，年化预期收益率为14%，市场组合的年化风险溢价为5%，年化无风险利率为6%。
（1）假设CAPM模型成立，求股票的贝塔值。
（2）该股票每年每股支付多少固定红利？
（3）如果该股票收","（1）14%=6%+β*5%
β=1.6
（2）50=D/14%
D=7元
（3）
因此当协方差变为原来2倍时，β值也变为原来2倍
β’=3.2
Rs=6%+3",0,1297
229,CAPM,subjective,calculate,"两个投资顾问比较业绩，一个平均收益率为19%，另一个为16%。前者贝塔值为1.5，后者贝塔值为1.
（1）你能判断哪个投资顾问更善于预测个股吗？
（2）如果国库券利率为6%，这一期间市场收益率为14%，谁在选股方面更出色？","（1）对于个股预测来说主要考察投资顾问的阿尔法值，但因为没有相关信息，无法得出投资顾问的阿尔法值是多少。
（2）如果r1=6%  rm=14%，则：
α1=19",0,1356
45,CAPM模型,subjective,calculate,作为一名财务分析师，要利用贴现模型对M上市公司承接X工程影响其股价进行评估。假定M上市公司原来股利增长率不到1%，在承接X工程后，可将股利增长率提高到2%（3年里），β值由原来的1提高到1.2，并且3年后公司股利增长率将稳定为6%，如果目前,（1）Rs=4%+1.2*4%=8.8%\n（2）P=0.18/1.088+0.18*1.02/1.0882+0.18*1.022/(8.8%-6%)/1.08,0,1229
131,CAPM模型,subjective,calculate,作为一名财务分析师，要利用贴现模型对M上市公司承接X工程影响其股价进行评估。假定M上市公司原来股利增长率不到1%，在承接X工程后，可将股利增长率提高到2%（3年里），β值由原来的1提高到1.2，并且3年后公司股利增长率将稳定为6%，如果目前,"（1）Rs=4%+1.2*4%=8.8%
（2）P=0.18/1.088+0.18*1.02/1.0882+0.18*1.022/(8.8%-6%)/1.088",0,1229
104,CML,subjective,calculate,假设市场组合由A和B两个证券组成，它们的投资比例分别是40%和60%。已知这两个证券的期望收益率分别为10%、15%，标准差分别为20%、28%，相关系数为0.3。假设无风险收益率为5%，写出资本市场线方程。,"市场组合的预期收益率为：
E(Rm)=10%*40%+15%*60%=13%
市场组合的标准差为：
σ=(0.4^2*0.2^2+0.6^2*0.28^2+2*",0,1293
46,DDM模型,subjective,calculate,飞驰公司现有留存收益500万元，公司对外发行普通股的每股市价为40元，当前的每股收益3.2元，预计以后每股收益年增长率为8%，股利支付率为25%保持不变。\n（1）计算预计第一年年末将发放的每股股利；\n（2）计算留存收益率的资本成本。,（1）预计发放每股股利：=3.2×（1+8%）×25%=0.864（元）\n（2）Rs=0.864/40+8%=10.16%\n\n备注：给大家做道简单题休息一,0,1230
132,DDM模型,subjective,calculate,"飞驰公司现有留存收益500万元，公司对外发行普通股的每股市价为40元，当前的每股收益3.2元，预计以后每股收益年增长率为8%，股利支付率为25%保持不变。
（1）计算预计第一年年末将发放的每股股利；
（2）计算留存收益率的资本成本。","（1）预计发放每股股利：=3.2×（1+8%）×25%=0.864（元）
（2）Rs=0.864/40+8%=10.16%

备注：给大家做道简单题休息一下。",0,1230
71,EAC,subjective,calculate,某公司购进固定资产，A资产期初支付150000美元，可使用3年，年使用费5000美元。B资产期初支付100000美元，可使用2年，年使用费6000美元。折现率为8%，应该选择哪个固定资产？,"NPVa=-150000-5000*PVIFA(8%,3)=-162885.48美元
NPVb=-100000-6000*PVIFA(8%,2)=-110699",0,1255
69,EAC法投资选择,subjective,calculate,腾飞公司正现面临为其打字室购买何种文字处理器的决策。一种是购买10台A型文字处理器，每台价格为8000美元，且预计每台设备年末平均修理费为2000美元，可使用4年，无残值。另一种是购买11台B型文字处理器，每台价格为5000美元，三年后更新,"（1）10台A型文字处理器
NPV=-10*8000-10*2000*PVIFA(14%,4)=-138274美元
EAC1= -138274/PVIFA(14",0,1253
237,EPS,subjective,calculate,"某公司正比较两项不同的资本结构。计划Ⅰ发行1500股股票以及20000美元的负债。计划Ⅱ将发行1100股股票和30000美元的负债。债务利息率为10%。
在忽略税收时，假定EBIT为12000美元，全权益的发行计划是发行2300股股票。请问","计划Ⅱ的EPS最高
（2）全权益资本结构和计划Ⅰ的盈亏平衡点的EBIT为
EBIT/2300=(EBIT-0.1*20000)/1500   EBIT=5750",0,1364
234,EPS的计算,subjective,calculate,某公司是一家无负债的公司，总市值为15万美元。在经济正常的情况下，EBIT预计为1.4万美元。如果在经济扩张的情况下，EBIT可增加30%.如果经济衰退，EBIT会降低60%。公司正考虑发行6万美元利息率为5%的债务，这些钱将用于回购股票。,"经济正常时，EPS=1.4/0.25=5.6美元/股
经济扩张时，EPS=1.4*1.3/0.25=7.28美元/股
变动百分比为(7.28-5.6)/5.6=",0,1361
235,EPS的计算,subjective,calculate,假定上题中公司税率为40%，重新求解（1）、（2）。,"经济扩张时，EPS=1.4*1.3*(1-0.4)/0.25=4.368美元/股
变动百分比为(4.368-3.36)/3.36=30%
经济衰退时，EPS=1",0,1362
93,FTE法,subjective,calculate,某公司为一家生产订书钉的企业，正在考虑投资100万美元生产航空用粘合剂。公司估计该项目每年将为公司带来永续的税后无杠杆现金流300000美元，公司负债价值比为0.5，负债是无风险的。该行业目前的三个竞争者都是无杠杆的，其贝塔值分别为1.2、,"β0=(1.2+1.3+1.4)/3=1.3
R0=5%+1.3*9%=16.7%
Rs=R0+（R0-Rb）*B/S*(1-tc)=24.4%
Rwacc=B",0,1282
81,MM定理,subjective,calculate,假设U公司是一家无负债的公司，每年获得1000万元的息税前收益，且永续。公司的权益资本成本为12%。而L公司是一家与U公司完全相同的负债公司，其债务资本为800万元，负债利率为6%。计算U公司和L公司的公司价值、权益价值，以及L公司的权益资,"Vu=1000/12%=8333.33万元
根据无税MM定理命题I，Vu=VL=8333.33
其中L公司的负债800万元，权益为7533.33万元
根据无税M",0,1266
87,MM定理,subjective,calculate,A集团准备进入装饰品行业，为此该项目计划按负债-价值比25%融资。目前装饰品行业有一家B公司，它的资本有40%来自负债，60%来自权益。其权益的贝塔值为1.5.B公司的借款利率为12%，而A公司筹资时借款利率为10%。公司的所得税税率均为4,"（1）B公司的权益资本成本：
Rs=rf+β*(rm-rf)=20.75%
（2）当B公司为全权益融资时的资本成本（R0）
Rs=R0+(R0-Rb)*B/S*",0,1273
88,MM定理,subjective,calculate,试证明有税的MM命题Ⅱ即Rs=R0+B/S*(1-tc)(R0-RB),"因此Vu+tcB=B+S  得Vu=S+B*(1-tc) ①
VuR0+tcBRB=BRB+SRS 得RS=(Vu/S)*R0-(1-tc)*(B/S)RB ②",0,1274
92,MM定理,subjective,calculate,某集团公司计划通过发行负债回购部分普通股。因此，公司的负债权益比将由40%升至50%.公司目前发行在外的负债价值为430万美元。相应的债务资本成本为每年10%。息税前利润为168万美元，不考虑税收。\n（1）该公司在回购宣告前和宣告后的市场,（1）0.4/430=1.4/V\n解得V=1505万美元\n由于不考虑税收，发债回购对公司价值无影响。故回购后公司价值仍为1505万美元\n（2）Rs=(16,0,1281
94,MM定理,subjective,calculate,某公司在考虑收购另一家公司，此收购为横向并购（假定目标公司和收购公司具有相同的风险水平）。目标公司的负债权益比为1:1，每年EBIT为500万元。收购公司的负债与权益市值比为3:7.假定收购公司收购了目标公司后，资本结构保持不变。无风险利率,（1）因为所有债务都是无风险的，所以Rb=5%\nRs=5%+1.5*8%=17%\nRs=R0+(R0-Rb)*B/S=17%\n解得R0=13.4%\n目标,0,1283
156,MM定理,subjective,calculate,"某集团公司计划通过发行负债回购部分普通股。因此，公司的负债权益比将由40%升至50%.公司目前发行在外的负债价值为430万美元。相应的债务资本成本为每年10%。息税前利润为168万美元，不考虑税收。
（1）该公司在回购宣告前和宣告后的市场价","（1）0.4/430=1.4/V
解得V=1505万美元
由于不考虑税收，发债回购对公司价值无影响。故回购后公司价值仍为1505万美元
（2）Rs=(168-4",0,1281
157,MM定理,subjective,calculate,某公司在考虑收购另一家公司，此收购为横向并购（假定目标公司和收购公司具有相同的风险水平）。目标公司的负债权益比为1:1，每年EBIT为500万元。收购公司的负债与权益市值比为3:7.假定收购公司收购了目标公司后，资本结构保持不变。无风险利率,"（1）因为所有债务都是无风险的，所以Rb=5%
Rs=5%+1.5*8%=17%
Rs=R0+(R0-Rb)*B/S=17%
解得R0=13.4%
目标公司权益",0,1283
77,MM定理II,subjective,calculate,12.如果WW公司是一家全权益公司，它的贝塔值将为1.1，公司目标负债权益比为0.40，市场组合的期望收益率为12%。公司发行在外的有一份半年计息债券，将在20年后到期，票面利率为8%。债券当前价格为975美元。国库券目前收益率为5%，公司,"（1）P=975=40*(P/A,r,40)+1000*(P/F,r,40)\nr=4.13%\nrb=2r=8.26%\n（2）r0=rf+β0*(rm-rf",0,1261
151,MM定理II,subjective,calculate,12.如果WW公司是一家全权益公司，它的贝塔值将为1.1，公司目标负债权益比为0.40，市场组合的期望收益率为12%。公司发行在外的有一份半年计息债券，将在20年后到期，票面利率为8%。债券当前价格为975美元。国库券目前收益率为5%，公司,"（1）P=975=40*(P/A,r,40)+1000*(P/F,r,40)
r=4.13%
rb=2r=8.26%
（2）r0=rf+β0*(rm-rf)=1",0,1261
84,MM理论,subjective,calculate,A公司与B公司除了资本结构以外的所有条件都完全一样。A公司是一家全权益公司，发行在外的股份数是10000股，目前每股价格为20美元。B公司在资本结构中运用了杠杆，其公司负债为50000美元，债务成本为12%。每家公司能预计永续获得55000,（1）Va=10000*20=200000美元\n（2）Vb=Va=200000美元\n（3）B=50000美元，S=200000-50000=150000美元,0,1269
155,MM理论,subjective,calculate,A公司与B公司除了资本结构以外的所有条件都完全一样。A公司是一家全权益公司，发行在外的股份数是10000股，目前每股价格为20美元。B公司在资本结构中运用了杠杆，其公司负债为50000美元，债务成本为12%。每家公司能预计永续获得55000,"（1）Va=10000*20=200000美元
（2）Vb=Va=200000美元
（3）B=50000美元，S=200000-50000=150000美元
（",0,1269
49,NPVGO,subjective,calculate,KS公司的股票当前售价为每股10美元，预计明年每股收益为2美元，公司有一项政策规定每年收益的50%用于分红，其余收益用于投资年收益率为20%的项目。上述情况的预期是不确定的。\n（1）假定KS公司利用固定增长的股利贴现模型估计出公司股票当前,（1）P0=10 E1=2 b=0.5 ROE=0.2\ng=b*ROE=10%\nr=D1/P0+g=2*50%/10+10%=20%\n（2）NPVGO=P,0,1233
55,NPVGO,subjective,calculate,市场普遍认为，KS公司的股东权益收益率为9%，β值为1.25，目前再投资比率为2/3，公司计划仍保持这一水平。今年的每股收益是3美元/股，刚刚支付完年终分红。市场上的绝大多数参与者都认为明年市场期望收益率为14%，国库券收益率为6%。\n（,（1）r=6%+1.25*(14%-6%)=16%\ng=b*ROE=2/3*9%=6%\nD1=3*(1+6%)*1/3=1.06美元\nP0=D1/(r-g,0,1239
56,NPVGO,subjective,calculate,预计F公司的股利每年约增长5%。请回答：\n（1）如果今年的年终分红是每股8美元，市场资本化率为每年10%，利用股利贴现模型计算当前公司股价。\n（2）如果每股期望收益为12美元，未来投资机会的隐含收益率是多少？\n（3）求未来增长机会的每,（1）g=5%  D1=8美元  r=10%\nP0=D1/(r-g)=8/(10%-5%)=160美元\n（2）d=8/12=2/3  b=1/3\ng=b*,0,1240
135,NPVGO,subjective,calculate,"KS公司的股票当前售价为每股10美元，预计明年每股收益为2美元，公司有一项政策规定每年收益的50%用于分红，其余收益用于投资年收益率为20%的项目。上述情况的预期是不确定的。
（1）假定KS公司利用固定增长的股利贴现模型估计出公司股票当前市","（1）P0=10 E1=2 b=0.5 ROE=0.2
g=b*ROE=10%
r=D1/P0+g=2*50%/10+10%=20%
（2）NPVGO=P0-E",0,1233
140,NPVGO,subjective,calculate,"市场普遍认为，KS公司的股东权益收益率为9%，β值为1.25，目前再投资比率为2/3，公司计划仍保持这一水平。今年的每股收益是3美元/股，刚刚支付完年终分红。市场上的绝大多数参与者都认为明年市场期望收益率为14%，国库券收益率为6%。
（1","（1）r=6%+1.25*(14%-6%)=16%
g=b*ROE=2/3*9%=6%
D1=3*(1+6%)*1/3=1.06美元
P0=D1/(r-g)=1",0,1239
141,NPVGO,subjective,calculate,"预计F公司的股利每年约增长5%。请回答：
（1）如果今年的年终分红是每股8美元，市场资本化率为每年10%，利用股利贴现模型计算当前公司股价。
（2）如果每股期望收益为12美元，未来投资机会的隐含收益率是多少？
（3）求未来增长机会的每股市值","（1）g=5%  D1=8美元  r=10%
P0=D1/(r-g)=8/(10%-5%)=160美元
（2）d=8/12=2/3  b=1/3
g=b*ROE",0,1240
58,OCF,subjective,calculate,Howell石油是一个与某集团公司现有业务相互补充的新业务。项目所需的机器设备耗资180万美元。未来四年中，市场部预测与该项目有关的销售额为110万美元，而后市场将不复存在。该机器在其4年的使用期限中将逐渐折旧至账面价值为0，采用直线折旧法,"OCF=EBIT(1-t)+D=69.375
NPV=-195+69.375*(P/A, 16%, 4)+15/1.16^4=7.408
应当进行该项目。

备",0,1242
59,OCF,subjective,calculate,HS公司正在考虑一项新的扩建项目，为期3年，需要的初始固定投资成本为270万元。固定资产折旧期限3年，按直线折旧法折旧至残值为0.该项目预计每年带来的销售总额为2080000元，总成本费用为77.5万元，若税率为35%，那么该项目的经营性现,"(2080000-775000)*(1-35%)+900000*0.35=1163250元

备注：此题为简单题，请使用至少四种求OCF的方法去求，并观察其结果",0,1243
68,OCF,subjective,calculate,HSC公司正在两套不同的输送带系统间进行选择。系统A耗资360000美元，使用期限为4年，每年税前运营成本为105000美元。系统B耗资480000美元，使用期限为6年，同时每年的税前运营成本为65000美元。两套系统都将在使用期限内折旧至,"OCFA=-105000*(1-34%)+34%*(360000/4)=-38700美元
NPVA=-360000-38700*(P/A,11%,4)=-480",0,1252
170,PCP,subjective,calculate,"5+103=C+100/1.05
C=15.262元","P+S-PV(D)=C+PV(K)
P+29-0.5/(1+10%*1/6)-0.5/(1+10%*5/12)=2+30*e^(-10%*1/2)
解得P=2.",0,1207
173,PCP,subjective,calculate,试证明无收益资产欧式看涨期权和看跌期权之间的平价关系。,"组合A：一份欧式看涨期权加上金额为Xe^(-r(T-t))的现金
组合B：—份有效期和执行价格与组合A 中看涨期权相同的欧式看跌期权加上一单位标的资产。
在期权",0,1305
78,Rwacc,subjective,calculate,HM公司为电视节目发行证券募集资金。项目成本为人民币1400万元，公司支付了人民币725000元的发行成本。另外，股票发行成本为募集资金的7%，而债务为3%，如果公司按它的目标资本结构来发行新的证券，那么该公司的目标负债权益比是多少？,"发行成本率=725000/(725000+14000000)=4.9236%
Ws*7%+Wb*3%=4.9236%     Ws+Wb=1
Ws=48.1% ",0,1262
226,业绩评价,subjective,calculate,在目前的股利收益以及预期的资本利得基础上，资产组合A与资产组合B的期望收益率分别为12%和16%。A的β值为0.7，B的β值为1.4，现行国库券利率为5%，标普500指数的期望收益率为13%。A的标准差每年为12%，B的标准差每年为31%，,"（1）两种资产组合的𝛼为：
𝛼A=12%-[5%+0.7*(13%-5%)]=1.4%
𝛼B=16%-[5%+1.4*(13%-5%)]=-0.2%
选择资产组",0,1353
227,业绩评价,subjective,calculate,"两个投资顾问在比较业绩，一个的平均收益率为19%，另一个为16%，然而前者的β为1.5，后者的β为1。
判断哪个投资者更适合选择个股（不考虑市场的整体趋势）。
如果短期国债利率为6%，而这一期间市场收益率为14%，那么哪个投资者挑选个股的能","要找出更擅长选择个股的投资者，先考虑他们的异常收益即事后的α
由于缺少市场利率和无风险利率的数值，所以无法计算α，也就没有办法判断哪个投资者更适合选择个股。
r",0,1354
34,久期,subjective,calculate,你管理一份价值100万美元的资产组合，你的目标麦考利久期为10年。这个资产组合可以从两种债券中选择：五年期零息债券和永久债券，当期收益率均为5%。\n（1）你愿意持有两种债券的份额各为多少？\n（2）如果到明年的时候目标久期为9年，则明年的,（1）永久债券的久期为1.05/0.05=21年\nw1*5+w2*21=10   w1+w2=1\n解得w1=11/16  w2=5/16\n（2）零息债券的,0,1220
122,久期,subjective,calculate,"你管理一份价值100万美元的资产组合，你的目标麦考利久期为10年。这个资产组合可以从两种债券中选择：五年期零息债券和永久债券，当期收益率均为5%。
（1）你愿意持有两种债券的份额各为多少？
（2）如果到明年的时候目标久期为9年，则明年的持有","（1）永久债券的久期为1.05/0.05=21年
w1*5+w2*21=10   w1+w2=1
解得w1=11/16  w2=5/16
（2）零息债券的久期为",0,1220
42,久期的计算,subjective,calculate,一保险公司必须向其客户付款。第一笔是一年后支付1000万美元，第二笔是五年后支付400万美元。收益率曲线水平在10%。\n如果公司想通过单一的一种零息债券来充分融资以豁免对该客户的债务责任，则他购买的债券期限是多少？\n零息债券的面值和市场,久期D=(1000/1.1*1+400/1.1^5*5)/1157=1.86年\n（2）零息债券市场价值与债务的市场价值相等为1157万美元\n面值为1157*,0,1226
128,久期的计算,subjective,calculate,"一保险公司必须向其客户付款。第一笔是一年后支付1000万美元，第二笔是五年后支付400万美元。收益率曲线水平在10%。
如果公司想通过单一的一种零息债券来充分融资以豁免对该客户的债务责任，则他购买的债券期限是多少？
零息债券的面值和市场价值","久期D=(1000/1.1*1+400/1.1^5*5)/1157=1.86年
（2）零息债券市场价值与债务的市场价值相等为1157万美元
面值为1157*1.",0,1226
31,久期计算,subjective,calculate,一种3年期债券的息票率为6%，每年支付一次利息，到期收益率为6%，请计算这种债券的久期。如果到期收益率为10%，那么久期等于多少？利用久期计算的债券价格与实际债券价格相差多少？,"久期D=2833.392/1000=2.833年
同理到期收益率为10%时
久期D=2542.899/900.525=2.824年
以后者为例，到期收益率为10",0,1216
32,久期计算,subjective,calculate,某10年期不可赎回债券，息票率为6%，每半年支付一次利息，按面值100元出售。在债券持续期间到期收益率保持不变。求该债券当前和下一年的久期。,"因为该债券按面值发行，所以其半年期的到期收益率等于半年期的息票率3%。
当前的久期：
下一期的久期：
同理可计算其他各期久期，结果见下表

备注：期数多的久期计",0,1217
176,二叉树,subjective,calculate,假设一种不支付红利股票目前的市价为10元，我们知道3个月后，该股票价格要么是11元，要么是9元。假设现在的无风险年利率等于10%，现在我们要找出一份3个月期协议价格为10.5元的该股票欧式看涨期权的价值。,"P=[e^(10%*3/12)-0.9]/(1.1-0.9)=0.6266
V=(0.5*0.6266+0*0.3734)*e^(-0.1*0.25)=0.31",0,1308
177,二叉树,subjective,calculate,"你拥有3年期的欧式看涨期权，执行价为200万元，市场价为170万元。波动率为每年15%，无风险收益率为12%。
（1）构建二叉树
（2）计算看涨期权的价值","（1）
（2）
d=1/u=0.86
p=(e^rT-d)/(u-d)=0.89
V= p^3*65.35 *e^(-rT*3)=32.142元

备注：遇到这",0,1309
172,二叉树定价,subjective,calculate,"现在某股票指数在50点水平，你需要运用二叉树模型对2年期的指数期权估值。股票指数有两种变动方式：上升20%或下降20%，年无风险利率为6%，假设指数中的任何成份股都不派发股利。
（1）计算行权价格为60点的欧式看涨期权的价值。
（2）计算行","（1）
p=(e^rT-d)/(u-d)=(e^6%-0.8)/(1.2-0.8)=0.655
C=(0.655^2*12)*e^(-6%*2)=4.565
（",0,1304
180,二叉树定价,subjective,calculate,假设该标的资产为不付红利的股票，其当前市价为50元，波动率为每年40%，无风险连续复利年利率为10%，该股票3个月期的欧式看跌期权协议价格为50元，求该期权的价值。,"d=1/u=0.8909
p=(e^rT-d)/(u-d)=0.5076
股价二叉树：
期权二叉树：
其中9.89=(5.45*0.5076+14.64*0.4",0,1312
184,二叉树的计算,subjective,calculate,假设A公司股票价格为30元，有一份以该股票为标的资产的看涨期权，波动率为每年10%，无风险连续复利年利率为4%，该股票4个月期的欧式看跌期权协议价格为30元，求该期权的价值。,"d=0.9715
P=0.55
股价二叉树
期权二叉树
即该看跌期权价值为0.466元。

备注：多期二叉树的计算要繁琐很多，同学们在解题时一定要细致，不要以为",0,1316
218,互换,subjective,calculate,假设某利率互换的名义本金为100万美元，期限为1年，浮动利率按6个月的LIBOR计，固定利率的支付频率为每半年支付一次。目前市场上为期6个月和1年的LIBOR分别为9%和10%（均为半年记一次复利的年利率），则互换利率为多少？,"设下半年的远期利率为f2、互换利率为x
r1=9%/2=4.5%  r2=10%/2=5%
(1+r1)(1+f2)=(1+5%)2
解得f2=5.5%
(x/",0,1344
221,互换,subjective,calculate,假定美国的收益率曲线平坦在4%，欧元收益率曲线平坦在3%。目前的汇率是1.50美元/欧元。3年期的外汇互换协议的互换比率是多少？该互换协议要求每年以100万欧元换取固定数量的美元。,"将外汇互换协议分解为3个独立的远期合约，远期价格为
第一年：1.50*(1.04/1.03)^1*100=151.46万美元
第二年：1.50*(1.04/1.",0,1348
220,互换定价,subjective,calculate,"某投资者进行1,000,000元的利率互换，接受半年付息年利息率为6%的固定利率现金流，付出6个月LIBOR的浮动利率现金流，互换还有15个月的期限，3个月，9个月和15个月进行支付。3个月、9个月和15个月的即期LIBOR利率（连续复利）",Bfixed=[30000*e^(-0.054*0.25)]+[30000*e^(-0.056*0.75)]+[1030000*e^(-0.058*1.25)],0,1347
223,互换定价,subjective,calculate,"假设在一笔1年期利率互换协议中，某一金融机构支付3个月的LIBOR,同时收取4.8%的年利率（3个月计一次复利），名义本金为1亿美元，互换还有9个月的期限。目前3个月、6个月、9个月的LIBOR（连续复利）分别为4.8%、5%和5.1%。试","Bfix=120e^(-0.048*0.25)+120e^(-0.05*0.5)+10120e^(-0.051*0.75)
=9975.825万美元
由于互换还",0,1350
219,互换设计,subjective,calculate,"A公司需要美元贷款，B公司需要英镑贷款，A、B两家公司面临如下利率：
如果某金融机构要为他们安排互换，且该机构至少要赚10个点的利差，如果对A、B有同样的吸引力，它们各要付多少利率？","A公司的相对优势是借英镑，B公司的相对优势是借美元，因此令A公司在市场上借入英镑、B公司借入美元并进行互换。
互换总收益为0.8%-0.4%=0.4，扣除金融机",0,1345
240,保证金,subjective,calculate,"投资者借20000美元去买迪士尼公司的股票，每股现价为80美元，投资者账户初始保证金要求50%，维持保证金比率为35%，两天后股价降至75美元。
（1）投资者会受到追缴保证金的通知吗？
（2）股价降至多少投资者会受到追缴保证金的通知？","（1）(500*75-20000)/500*75=46.67%
不会受到追缴保证金的通知。
（2）(500P-20000)/500P=35%
解得P=61.54",0,1367
241,保证金,subjective,calculate,"假设某IT公司现以80美元/股的价格卖出股票，投资者买了250股，其中15000美元是投资者的自有资金，其余则是投资者从经纪人处借得的，保证金贷款的利率是8%。
（1）当该公司股票立刻变为88美元、80美元、72美元时，投资者的经纪人账户上","（1）当股票为88元时：
250*80=20000元  借入5000元
(88-80)*250/15000=13.33%
当股票为80元时：
价格不变，净价值不",0,1368
12,债券价值,subjective,calculate,债券A和债券B面值和息票率相等，皆为1000和8%。A债券期限为5年，B债券期限为10年。若市场利率波动比如由8%上升为10%，则哪个证券的价格波动幅度更大？波动比率高多少？,"Pa=1000*8%*PVIFA(10%，5)+1000/(1+10%)^5=925.18元
Pb=1000*8%*PVIFA(10%，10)+1000/(1+",0,1204
9,债券估值,subjective,calculate,有一债券面值为1000元，票面利率为8%，每半年支付一次利息，5年到期。折现率为10%，该债券的价值为多少？,"P=(80/2)*PVIFA(5%,10)+1000/(1+5%)^10=922.77元

备注：注意“年限”并不一定是一整年，而是“一期”。半年付息意味着一年",0,1201
38,免疫组合,subjective,calculate,你的养老基金计划将在10年内每年支付10000美元。第一笔支付将在五年后，养老金想将其头寸免疫。\n它对你的债务的久期是多少？当期利率为每年10%。\n如果养老金计划使用5年期和20年期的零息债券来构建免疫头寸并完全融资，两种债券分别占多少,"因为支付流从5年后开始，而不是第一年，因此我们必须在久期加4年，得到久期为8.7255年\n（2）递延年金的现值为10000*PVIFA(10%, 10)/1.",0,1224
126,免疫组合,subjective,calculate,"你的养老基金计划将在10年内每年支付10000美元。第一笔支付将在五年后，养老金想将其头寸免疫。
它对你的债务的久期是多少？当期利率为每年10%。
如果养老金计划使用5年期和20年期的零息债券来构建免疫头寸并完全融资，两种债券分别占多少？两","因为支付流从5年后开始，而不是第一年，因此我们必须在久期加4年，得到久期为8.7255年
（2）递延年金的现值为10000*PVIFA(10%, 10)/1.1",0,1224
37,免疫组合的构建,subjective,calculate,养老基金向受益人支付终身年金，如果一公司永远保留在一个行业内，养老基金债务就类似永久年金。假定你管理着一家养老基金，其债务为每年向受益人支付200万美元，永不终止，所有债券的到期收益率都是16%。\n如果5年期，息票率为12%（每年付息）的,债务的D=(1+y)/y=1.16/0.16=7.25年\n令五年期债券持有比例为w，则有4w+11(1-w)=7.25 得w=0.5357\n因此5年期债券的,0,1223
125,免疫组合的构建,subjective,calculate,"养老基金向受益人支付终身年金，如果一公司永远保留在一个行业内，养老基金债务就类似永久年金。假定你管理着一家养老基金，其债务为每年向受益人支付200万美元，永不终止，所有债券的到期收益率都是16%。
如果5年期，息票率为12%（每年付息）的债","债务的D=(1+y)/y=1.16/0.16=7.25年
令五年期债券持有比例为w，则有4w+11(1-w)=7.25 得w=0.5357
因此5年期债券的持有",0,1223
70,公司价值,subjective,calculate,腾飞公司已经决定四年后前往伯明翰。由于运输成本的存在以及已用的机器不存在二手市场，该公司的所有机器在四年后没有价值，该公司需要购买以下两种机器的一种。\n机器按照直线法进行摊销。该公司的公司税率为34%；该公司是全权益的，公司市场价值是10,（1）Rs=rf+β*(rm-rf)=10%+(0.048/0.04)*(20%-10%)=22%\n（2）NPV重型=-1000+[640*(1-34%)+1,0,1254
85,公司价值,subjective,calculate,一公司永续EBIT为500万元，无杠杆情况下股东要求的回报率为10%。又已知公司可以以5%的利率发行500万债券并进行股票回购，税率为25%，求：（1）无税MM理论下，所有者权益为多少？  （2）有税MM理论下，所有者权益为多少？税盾效应为,"（1）Vu=500/10%=5000万元
VL=Vu=5000万元
B=500万元  S=4500万元
（2）Vu=S=500*(1-25%)/10%=3750",0,1270
100,公司价值,subjective,calculate,某公司的负债权益比为2/3，权益的期望收益率为16%，公司债券的税前成本为10%。该公司的销售收入预期将永远稳定保持在去年的19740000美元，变动成本等于销售收入的60%。该公司的公司税率为40%，且在每年年底将其所有收益作为股利派发出,（1）无杠杆现金流=19740000(1-60%)*(1-40%)=4737600美元\n公司价值：4737600/16%=29610000美元\n（2）股东期,0,1289
101,公司价值,subjective,calculate,一公司的负债权益比为2/3，非杠杆权益的期望收益率为16%，公司债券的税前成本为10%。该公司的销售收入预期将永远稳定保持在去年的19740000美元，变动成本等于销售收入的60%。该公司的公司税率为40%，且在每年年底将其所有收益作为股利,（1）无杠杆现金流=19740000*(1-60%)*(1-40%)=4737600美元\n公司价值：4737600/16%=29610000美元\n（2）股东,0,1290
148,公司价值,subjective,calculate,"腾飞公司已经决定四年后前往伯明翰。由于运输成本的存在以及已用的机器不存在二手市场，该公司的所有机器在四年后没有价值，该公司需要购买以下两种机器的一种。
机器按照直线法进行摊销。该公司的公司税率为34%；该公司是全权益的，公司市场价值是100","（1）Rs=rf+β*(rm-rf)=10%+(0.048/0.04)*(20%-10%)=22%
（2）NPV重型=-1000+[640*(1-34%)+10",0,1254
162,公司价值,subjective,calculate,某公司的负债权益比为2/3，权益的期望收益率为16%，公司债券的税前成本为10%。该公司的销售收入预期将永远稳定保持在去年的19740000美元，变动成本等于销售收入的60%。该公司的公司税率为40%，且在每年年底将其所有收益作为股利派发出,"（1）无杠杆现金流=19740000(1-60%)*(1-40%)=4737600美元
公司价值：4737600/16%=29610000美元
（2）股东期望收",0,1289
163,公司价值,subjective,calculate,一公司的负债权益比为2/3，非杠杆权益的期望收益率为16%，公司债券的税前成本为10%。该公司的销售收入预期将永远稳定保持在去年的19740000美元，变动成本等于销售收入的60%。该公司的公司税率为40%，且在每年年底将其所有收益作为股利,"（1）无杠杆现金流=19740000*(1-60%)*(1-40%)=4737600美元
公司价值：4737600/16%=29610000美元
（2）股东期望",0,1290
82,公司估值,subjective,calculate,Star公司正在讨论是否要将其全权益资本结构转变为40%的负债。现在发行在外的股份数为5000股，同时每股价格65美元。预计EBIT将保持每年37500美元。新增负债的利息率为8%，没有税收。\n（1）公司股东之一布朗女士持有100股股票。,（1）EPS=37500/5000=7.5美元\n现金流=7.5*100=750美元\n（2）Vu=65*5000=325000美元\n其中B=130000，S,0,1267
153,公司估值,subjective,calculate,"Star公司正在讨论是否要将其全权益资本结构转变为40%的负债。现在发行在外的股份数为5000股，同时每股价格65美元。预计EBIT将保持每年37500美元。新增负债的利息率为8%，没有税收。
（1）公司股东之一布朗女士持有100股股票。假","（1）EPS=37500/5000=7.5美元
现金流=7.5*100=750美元
（2）Vu=65*5000=325000美元
其中B=130000，S=19",0,1267
35,凸度的计算,subjective,calculate,设某固定利率债券本金为100万美元，剩余期限为3年，息票率为6%，每年付息一次，到期收益率为5%，请计算;\n（1）该债券的凸性；\n（2）其他条件不变，请计算剩余期限为1年，该债券的凸性；\n（3）其他条件不变，请计算息票率为10%时，该,（1）P=6/1.05+6/1.052+106/1.053=102.72\nC =1/102.72*(1*2*6/1.05^3+2*3*6/1.05^4+3*4,0,1221
123,凸度的计算,subjective,calculate,"设某固定利率债券本金为100万美元，剩余期限为3年，息票率为6%，每年付息一次，到期收益率为5%，请计算;
（1）该债券的凸性；
（2）其他条件不变，请计算剩余期限为1年，该债券的凸性；
（3）其他条件不变，请计算息票率为10%时，该债券的","（1）P=6/1.05+6/1.052+106/1.053=102.72
C =1/102.72*(1*2*6/1.05^3+2*3*6/1.05^4+3*4*",0,1221
36,凸性的计算,subjective,calculate,新发行的10年期债券，息票率为7%（每年付息），债券按面值出售。\n该债券的久期和凸度是多少？\n假定其到期收益率由7%升到8%（期限仍为10年），求该债券的实际价格。\n根据久期法则估算的价格是多少？这一方法的误差百分比是多少？\n根据久,到期收益率变为8%时，\n债券价格P=70/1.08+70/1.082+……+1070/1.0810=932.9元\n即债券价格下降到原来的93.29%，下降百,0,1222
124,凸性的计算,subjective,calculate,"新发行的10年期债券，息票率为7%（每年付息），债券按面值出售。
该债券的久期和凸度是多少？
假定其到期收益率由7%升到8%（期限仍为10年），求该债券的实际价格。
根据久期法则估算的价格是多少？这一方法的误差百分比是多少？
根据久期—凸性","到期收益率变为8%时，
债券价格P=70/1.08+70/1.082+……+1070/1.0810=932.9元
即债券价格下降到原来的93.29%，下降百分比",0,1222
222,利率互换,subjective,calculate,假设在一笔2年期的利率互换协议中，某一金融机构支付3个月的LIBOR，同时每3个月收取固定利率（3个月计一次复利），名义本金为1亿美元。目前3个月，6个月，9个月，12个月，15个月，18个月，21个月以及2年的贴现率（连续复利）分别为4.,"在本题中，Bfl=10000万美元
令Bfix=k/4[e^(-0.048*0.25)+e^(-0.05*0.5)+e^(-0.051*0.75)+e^(-0.",0,1349
224,利率互换,subjective,calculate,假设在一笔互换合约中，某一金融机构每半年支付6个月期的LIBOR，同时收取8%的年利率（半年计一次复利），名义本金为1亿美元，互换还有1.25年期限。3个月、9个月和15个月的LIBOR（连续复利率）分别为10%、10.5%和11%。上一次,"Bfix=400e-0.1*0.25+400e-0.105*0.75+10400e-0.11*1.25=0.9824亿美元
Bfl=(10000+510)e-0",0,1351
193,利率平价,subjective,calculate,假定货币期货市场上德国马克对美元比价为1.66德国马克/美元。你借入167000德国马克并兑换成美元，在美国无风险利率市场投资。同时你在期货市场上买入172640德国马克（按目前市场价格，一年期）。已知美国无风险利率为4%，德国无风险利率为,"167000/1.67*1.04*1.66=172640马克
172640-167000*(1+3%)=630马克
盈利了630德国马克。

备注：在做此类题时",0,1323
197,利率平价理论,subjective,calculate,假设目前英镑的即期汇率为1.60美元，美国和英国的一年起国债的无风险利率分别为4%和8%，求英镑的一年期远期汇率。若英镑的一年期实际远期汇率为1.58美元，请问投资者采取什么样的政策可以获得无风险套利收益？,"（1）根据套补的利率平价理论，一年期的远期汇率为
f=e*(1+i)/(1+i*)=1.6*1.04/1.08=1.5407
（2）英镑的实际远期汇率高于理论汇",0,1327
20,利率的期限结构,subjective,calculate,观察下列期限结构\n如果你相信明年的期限结构与今年相同，那么，1年期零息债券和4年期零息债券哪个1年期的持有期收益率更高？\n如果你相信期望假说，又会如何？,（1）4年期零息债券现在的价格为1000/1.064^4=780.25 美元\n第二年，收益率曲线不变时，现在的4年期债券还有3年到期，价格为1000/1.06,0,1211
26,利率的期限结构,subjective,calculate,当前，1年期零息债券的到期收益率为7%，2年期零息债券的到期收益率为8%，政府计划发行2年期债券，每年付息，息票率为9%，债券面值为100美元。\n该债券售价为多少？\n该债券的到期收益率为多少？\n如果收益率曲线的预期理论是正确的，则市场,"（2）到期收益率y满足 9/(1+y)+109/(1+y)^2=101.86\n求得y=7.598%\n（3）根据零息债券收益率曲线，推出第二年的远期利率f1,",0,1212
115,利率的期限结构,subjective,calculate,"观察下列期限结构
如果你相信明年的期限结构与今年相同，那么，1年期零息债券和4年期零息债券哪个1年期的持有期收益率更高？
如果你相信期望假说，又会如何？","（1）4年期零息债券现在的价格为1000/1.064^4=780.25 美元
第二年，收益率曲线不变时，现在的4年期债券还有3年到期，价格为1000/1.063",0,1211
117,利率的期限结构,subjective,calculate,"当前，1年期零息债券的到期收益率为7%，2年期零息债券的到期收益率为8%，政府计划发行2年期债券，每年付息，息票率为9%，债券面值为100美元。
该债券售价为多少？
该债券的到期收益率为多少？
如果收益率曲线的预期理论是正确的，则市场预期明","（2）到期收益率y满足 9/(1+y)+109/(1+y)^2=101.86
求得y=7.598%
（3）根据零息债券收益率曲线，推出第二年的远期利率f1,2满",0,1212
167,单指数模型,subjective,calculate,"假定市场上只有A、B两种股票，市值占比分别为0.6、0.4。A的超额收益的标准差为20%，B的超额收益的标准差为40%，两者超额收益的相关系数为0.5。请问：
（1）股票A的β是多少？
（2）股票A的非系统性风险是多少？
（3）现假定市场上","（1）市场超额收益的方差为
β=Cov(A,m)/=0.04/0.0592=0.6757
（2）由单指数模型可知，
系统性风险==0.0270
总风险=0.04",0,1299
99,卸杠杆加杠杆,subjective,calculate,X公司正在研究如何调整公司的资本结构。目前，公司发行在外的股票为4000万股，每股价格20元，负债权益比0.25，公司的β为1.2，公司的债务评级为AAA，对应的市场利率基本等于目前8%的无风险利率水平，市场风险溢价为5%。公司的所得税率为,（1）Rs=8%+1.2*5%=14%\nRwacc=0.2*8%*0.75+0.8*4%=12.4%\n（2）S=4000*20=80000\nVL=8000,0,1288
161,卸杠杆加杠杆,subjective,calculate,X公司正在研究如何调整公司的资本结构。目前，公司发行在外的股票为4000万股，每股价格20元，负债权益比0.25，公司的β为1.2，公司的债务评级为AAA，对应的市场利率基本等于目前8%的无风险利率水平，市场风险溢价为5%。公司的所得税率为,"（1）Rs=8%+1.2*5%=14%
Rwacc=0.2*8%*0.75+0.8*4%=12.4%
（2）S=4000*20=80000
VL=80000*5",0,1288
244,发行价格,subjective,calculate,假设某商业汇票报价为：票面金额10000万元，利率3.06%，到期期限还有30天，则该商业票据的发行价格是？,"10000/(1+3.06%*30/360)=9974.666万元

备注：请同学们自行分析为何采用除法。",0,1373
247,可转债的计算,subjective,calculate,某一可转债，面值为1000元，票面利率8%，每年支付80元的利息，转换比例为40，转换年限为5年。若当前的普通股市价为26元每股，股票价格预期每年上涨10%，而投资者预期的可转换债券到期收益率为9%，则第四年末，该债券的底线价值为多少？,"第四年的股票价格=26*1.1^4=38.067元
第四年的转换价值=38.067*40=1522.68元
纯粹价值=1080/1.09=990.83元
底线价",0,1376
196,合约价格,subjective,calculate,"某股票预计在2个月和5个月后每股分别派发1元股息，该股票目前市价为30元，设所有期限的无风险连续复利年利率都为6%，某投资者刚刚取得该股票6个月期的远期合约空头，请问：
（1）远期价格和远期合约的初始价值等于多少？
（2）3个月后该股票价格","（1）0时点，远期合约初始价值等于0
F6=(S0-PV(D))*e^rT
F6=[30-1*e^[(-6%)*2/12]-1*e^[(-6%)*5/12]]*",0,1326
204,含红利/成本的远期价格,subjective,calculate,假设黄金现价为每盎司733美元，其存储成本为每年每盎司2美元，一年后支付，美元一年期无风险利率为4%，则一年期期货的理论价格是多少？,"其中I=2e^(-4%*1)=1.92美元
故 F=(733+1.92)e^(4%*1)=764.91 美元

备注：黄金的存储成本可看成负收益，I是收益的现值",0,1331
245,商业票据贴现,subjective,calculate,某企业将一张票面金额为10000元、3个月后到期的商业票据提交银行请求贴现。若银行的年贴现率为6％，那么银行应付给企业多少现款？银行扣除了多少贴息?,"贴现利息＝票面金额*贴现率*时间=10000*6％*3/12=150元
贴现金额＝票面金额-贴现利息=10000-150=9850元
银行应付给该企业9850元",0,1374
246,商业票据贴现,subjective,calculate,某公司持有一张面额10 000元的票据去银行办理贴现，该票据50天后到期，银行的年贴现率为12％，该公司可以从银行得到多少现款?,"贴现额=10000*(1-12％*50/365)=9835.6元
该公司可得到9835.6元。

备注：同上。",0,1375
97,复原平衡,subjective,calculate,A公司正在考虑收购所在行业的B公司，预计此次收购将在第一年使得A公司增加240万元的息税前利润，18万元的折旧，50万元的资本支出，40万元的净营运资本。从第二年起，自由现金流将以3%的速度增长。A公司的协议收购价格为1000万元。交易完成,（1）FCFF=240*(1-25%)+18-50-40=108万元\nVL=FCFF/(Rwacc-g)=1200万元\n（2）1200-1000=200万元,0,1286
160,复原平衡,subjective,calculate,A公司正在考虑收购所在行业的B公司，预计此次收购将在第一年使得A公司增加240万元的息税前利润，18万元的折旧，50万元的资本支出，40万元的净营运资本。从第二年起，自由现金流将以3%的速度增长。A公司的协议收购价格为1000万元。交易完成,"（1）FCFF=240*(1-25%)+18-50-40=108万元
VL=FCFF/(Rwacc-g)=1200万元
（2）1200-1000=200万元
（",0,1286
14,复合收益率的计算,subjective,calculate,"假设一只债券，票面利率为8%，剩余期限为3年，每年付息一次，卖价为953.1美元，接下来3年确定的利率是r1=8%，r2=10%，r3=12%,计算到期收益率和年复合收益率。","80/(1+r)+80/(1+r)2+1080/(1+r)3=953.1
到期收益率r=9.88%
年复合收益率：首先求出再投资的息票和本金的终值
FV=(80",0,1206
54,套利,subjective,calculate,假设证券收益由单因素模型确定，即\nRi表示证券i的超额收益，Rm表示市场超额收益，无风险利率为2%，同样假设证券A、B、C，其数据如下表所示。\n如果σm=20%，计算证券A、B和C的方差。\n现在假定资产的种类无限多，并且与A、B和C具,（1）由\n（2）如果存在无限多的资产，即n无限大的时，组合的非系统性风险被充分分散，资产组合将只有系统性风险，\n充分分散化\n充分分散化\n充分分散化\n均,0,1238
139,套利,subjective,calculate,"假设证券收益由单因素模型确定，即
Ri表示证券i的超额收益，Rm表示市场超额收益，无风险利率为2%，同样假设证券A、B、C，其数据如下表所示。
如果σm=20%，计算证券A、B和C的方差。
现在假定资产的种类无限多，并且与A、B和C具有相同","（1）由
（2）如果存在无限多的资产，即n无限大的时，组合的非系统性风险被充分分散，资产组合将只有系统性风险，
充分分散化
充分分散化
充分分散化
均值将等于个",0,1238
208,套利,subjective,calculate,"考虑标普500指数期货合约，6个月到期。6个月无风险利率为3%，未来6个月预期支付股利的价值为15美元。指数现行水平为1425。市场上允许卖空。
（1）若市场的期望收益率为12%，则6个月后预期的指数应该是多少？
（2）理论上，标普500指","（1）S0*(1+rm)-D=(1425*1.06)-15=1495.50
（2）S0*(1+rf)-D=(1425*1.03)-15=1452.75
（3）期",0,1335
211,套利,subjective,calculate,"小A是一位日本银行的外汇交易员，正在计算6个月期日元/美元外汇期货合约的价格，下面是她搜集到的数据：
（1）利用以上数据，计算6个月期日元/美元外汇期货合约的理论价格。
（2）小A还用一下的外汇与利率数据重新计算了3个月期日元/美元外汇期货","（1）由平价公式可得：
F0=E0*e^[(rjp-rus)*0.5]=124.30*e^[(0.0010-0.0380)*0.5]=122.0193
（2）
",0,1337
187,套利组合,subjective,calculate,"下面是S公司一证券分析师构建的三只股票的投资方案。
（1）使用这三只股票构建一套利资产组合。
（2）当恢复平衡时，这些股票价格可能会如何变化？","（1）首先将各种情况下收益率转化为每股美元收益，如下表：
确认套利组合需要满足两个条件：组合为零投资组合、且在任何情况下都表现为非负的收入。例如卖空两股A和两股",0,1319
202,套期保值,subjective,calculate,已知12月20日某进口商预计3个月后将用美元支付8000万英镑的进口货款，担心届时英镑汇价上涨，决定通过外汇期货交易进行套期保值。12月20日伦敦国际金融期货交易所3月份交割英镑对美元外汇期货价格为1英镑=1.6750美元；3月20日时，英,"即期进入合约多头，
套期保值合约数=8000万/6.25万=1280张
到期对冲期货合约，
远期合约每英镑获利=1.6970-1.6750=0.0220美元
期",0,1329
209,套期保值,subjective,calculate,"你管理的资产组合价值为1650万美元，全部投资于股票。你认为市场现在正处于下跌趋势的边缘，因此你想将自产组合暂时转换为国债，却不想承担交易成本以及重新构建你的头寸。作为替代，你决定暂时用标普500指数期货合约来对冲你的股票头寸。
（1）你准","（1）卖出股指期货合约。如果股票价格下降，可于期货空头获利以弥补损失。
（2）每份合约中股票的价值=250*1650=412500美元
为对冲1650万美元的资",0,1336
64,实物期权,subjective,calculate,目前某公司有一新项目，预期在未来十年内每年售出9000单位产品，每单位产品将带来50美元的净现金流。相关折现率为16%，初始投资为1900000美元。\n（1）基本情况下的净现值是多少？\n（2）第一年后项目可以拆除并以1300000美元的,"（1）NPV=-1900000+450000*PVIFA(16%, 10)=274952.37美元\n（2）1300000=50*Q*PVIFA(16%, 9)",0,1248
65,实物期权,subjective,calculate,在上一题的背景下，若你认为当第一年的销售成功时，预期销售量将被上调至11000单位。而如果第一年销售不成功的话，预期销售量将会被下调至4000单位。\n（1）如果成功与失败的概率相等，请问该项目的净现值是多少？\n（2）放弃期权的价值是多少,"（1）上行=11000*50*PVIFA(16%,9)=2533599.13美元\n下行=1300000美元\nNPV=-1900000+[(上行+下行)*50",0,1249
145,实物期权,subjective,calculate,"目前某公司有一新项目，预期在未来十年内每年售出9000单位产品，每单位产品将带来50美元的净现金流。相关折现率为16%，初始投资为1900000美元。
（1）基本情况下的净现值是多少？
（2）第一年后项目可以拆除并以1300000美元的价格","（1）NPV=-1900000+450000*PVIFA(16%, 10)=274952.37美元
（2）1300000=50*Q*PVIFA(16%, 9)
",0,1248
146,实物期权,subjective,calculate,"在上一题的背景下，若你认为当第一年的销售成功时，预期销售量将被上调至11000单位。而如果第一年销售不成功的话，预期销售量将会被下调至4000单位。
（1）如果成功与失败的概率相等，请问该项目的净现值是多少？
（2）放弃期权的价值是多少？","（1）上行=11000*50*PVIFA(16%,9)=2533599.13美元
下行=1300000美元
NPV=-1900000+[(上行+下行)*50%+",0,1249
175,带红利的期权合约,subjective,calculate,某一协议价格为25元，有效期6个月的欧式看涨期权价格为2元，标的股票价格为24元，该股票预计在2个月和5个月后各支付0.5元股息，所有期限的无风险连续复利年利率为8%，请问该股票协议价格为25元，有效期6个月的欧式看跌期权价格等于多少？,"当含红利时，平价关系为P+S-PV(D)=C+PV(K)
即P+24-PV(D)=2+25*e^[(-8%)*6/12]
PV(D)=0.5*e^[(-8%)*",0,1307
13,收益率,subjective,calculate,某公司发行5年到期的债券，票面面额为1 000元，售价为960元，年息票率为7％，半年付息一次。试计算：\n（1）当期收益率\n（2）到期收益率\n（3）持有3年后，将该债券以992元的价格出售，则该投资者的实际收益率为多少?,"（1）当期收益率=70/960=7.29%\n（2）到期收益率\n960=1000*3.5%*PVIFA(r/2,10)+1000/(1+r/2)^10\n根据",0,1205
19,收益率,subjective,calculate,2007年5月3日中国建设银行07央行票据25的报价为97.43元。07央行票据25是央行发行的1年期贴现票据。债券起息日为2007年3月21日，到期日为2008年3月21日。则其2007年5月3日的贴现收益率、真实年收益率、债券等价收益率,"[(100-97.43)/100]*360/323=2.86%
[1+(100-97.43)/97.43]^(365/323)-1=2.99%
[(100-97",0,1210
47,收益率,subjective,calculate,已知无风险资产收益率为8%，市场组合收益率为15%。A公司股票的贝塔系数为1.2，派息比率40%，最近每股盈利10美元，刚刚支付了每年支付一次的股息，预期该股票的股东权益收益率为20%。\n（1）求该股票的内在价值\n（2）假如当前的股价为,（1）股息增长率g=b*ROE=(1-40%)*20%=12%\n折现率r=8%+1.2*(15%-8%)=16.4%\nP0=D1/(r-g)=10*40%*,0,1231
50,收益率,subjective,calculate,A公司现在有好几个盈利产品，还有一些极富希望的产品正在研发中。公司每股收益1美元，每股分红为0.5美元，股利刚刚发放。投资者相信公司能够保持这一股利分配率。股权收益率为20%，该公司所处行业要求的收益率是15%。市场普遍认为情况时不确定的。,（1）E0=1 D0=0.5 ROE=20% r=15%\n因此b=0.5  g=b*ROE=10%\nP0=D1/(r-g)=0.5*(1+10%)/(15%,0,1234
110,收益率,subjective,calculate,"某公司发行5年到期的债券，票面面额为1 000元，售价为960元，年息票率为7％，半年付息一次。试计算：
（1）当期收益率
（2）到期收益率
（3）持有3年后，将该债券以992元的价格出售，则该投资者的实际收益率为多少?","（1）当期收益率=70/960=7.29%
（2）到期收益率
960=1000*3.5%*PVIFA(r/2,10)+1000/(1+r/2)^10
根据上式可",0,1205
133,收益率,subjective,calculate,"已知无风险资产收益率为8%，市场组合收益率为15%。A公司股票的贝塔系数为1.2，派息比率40%，最近每股盈利10美元，刚刚支付了每年支付一次的股息，预期该股票的股东权益收益率为20%。
（1）求该股票的内在价值
（2）假如当前的股价为10","（1）股息增长率g=b*ROE=(1-40%)*20%=12%
折现率r=8%+1.2*(15%-8%)=16.4%
P0=D1/(r-g)=10*40%*(1",0,1231
136,收益率,subjective,calculate,A公司现在有好几个盈利产品，还有一些极富希望的产品正在研发中。公司每股收益1美元，每股分红为0.5美元，股利刚刚发放。投资者相信公司能够保持这一股利分配率。股权收益率为20%，该公司所处行业要求的收益率是15%。市场普遍认为情况时不确定的。,"（1）E0=1 D0=0.5 ROE=20% r=15%
因此b=0.5  g=b*ROE=10%
P0=D1/(r-g)=0.5*(1+10%)/(15%-1",0,1234
16,收益率的计算,subjective,calculate,下面列出了期限不同的零息债券价格\n面值为1000元的债券，票面利率为8.5%，每年付息，3年后到期，该债券的到期收益率是多少？\n如果第一年年底收益率曲线在8%处变成水平的，则持有该付息债券1年的持有期收益率为多少？,到期收益率y满足：\n85/(1+y)+85/(1+y)^2+1085/(1+y)^3=1040.2\n解得y=6.97%\n(2）如果第一年年底y=8%\n则,0,1207
112,收益率的计算,subjective,calculate,"下面列出了期限不同的零息债券价格
面值为1000元的债券，票面利率为8.5%，每年付息，3年后到期，该债券的到期收益率是多少？
如果第一年年底收益率曲线在8%处变成水平的，则持有该付息债券1年的持有期收益率为多少？","到期收益率y满足：
85/(1+y)+85/(1+y)^2+1085/(1+y)^3=1040.2
解得y=6.97%
(2）如果第一年年底y=8%
则债券价格",0,1207
66,放弃期权,subjective,calculate,A公司正在准备引进一种新产品。将该产品推向市场将花费2500万元，并且在未来五年内每年带来760万的税后现金流，该项目的折现率为20%。\n（1）请问该项目的净现值为多少？\n（2）公司进一步研究后发现，市场需求高的可能性为60%，这将使得,"（1）NPV=-2500+760*PVIFA(20%,5)=-227.14万元\n（2）上行=1000*PVIFA(20%,4)=2588.7万元\n下行=20",0,1250
147,放弃期权,subjective,calculate,"A公司正在准备引进一种新产品。将该产品推向市场将花费2500万元，并且在未来五年内每年带来760万的税后现金流，该项目的折现率为20%。
（1）请问该项目的净现值为多少？
（2）公司进一步研究后发现，市场需求高的可能性为60%，这将使得公司","（1）NPV=-2500+760*PVIFA(20%,5)=-227.14万元
（2）上行=1000*PVIFA(20%,4)=2588.7万元
下行=2000",0,1250
86,无税MM定理,subjective,calculate,B公司目前全部用权益资本来满足其资金需求，权益资本成本为12%。现公司打算以8%的利率发行债券，在新的资本结构下，债券市场价值为公司价值的45%，若公司的所得税率为25%，计算该公司新的权益资本成本和加权平均资本成本。,"B/(B+S)=45%   B/S=45/55
R0=12%
Rs=R0+(R0-Rb)*B/S*(1-tc)=14.45%
Rwacc=0.45*8%*0.7",0,1271
89,无税MM定理,subjective,calculate,某公司的债务为5.3亿元，股票市值为73.1亿元，公司为扩大生产需要调整其资产结构，调整后负债权益比为25%，调整前的权益资本成本为12.6%，借款利率8%，所得税率40%，求加权平均资本成本。,"Rs=R0+(R0-Rb)*B/S*(1-tc)=12.6%
R0=12.41%
Rs’=R0+(R0-Rb)*B/S*(1-tc)=13.07%
Rwacc=",0,1275
186,无风险套利,subjective,calculate,有A、B两家公司，其资产性质完全相同，经营风险也完全相同，两家公司每年的息税前利润都为100万元。在不考虑所得税的情况下，公司所有的净收益都将以股利形式分配给股东。A、B两家公司的唯一区别就在于公司的资本结构不同：A公司全部采用股权融资，股,"存在套利机会，说明如下：
由于B公司被低估，可以卖空A公司0.8%的股权，获得收益8万元以买入B公司1%的股权和债权。此时0时点投资额为0。
未来的每年中：
投",0,1318
188,无风险套利,subjective,calculate,"考虑以下单因素经济中的数据，所有的投资组合都是充分分散的。
假设存在另一个充分分散的投资组合E，β为0.6，期望收益为8%，是否存在无风险套利机会？如果存在，如何套利？","因为投资组合F的β为0，因此6%为无风险利率
投资组合A的每单位风险带来的溢价为（12%-6%）/1.2=5%
投资组合E的每单位风险带来的溢价为（8%-6%）",0,1320
198,无风险套利,subjective,calculate,假设三年期的即期利率为5%，5年期的即期利率为7%，如果3到5年的远期利率为6%，问：是否可以利用远期合约进行无风险套利活动？如果不可以，请说明原因；如果可以，请说明如何操作及最终结果。,"根据无套利定价原理，3年到5年期的远期利率f(3,5)应该满足：
[1+i(0,3)]^3*[1+f(3,5)]^2=[1+i(0,5)]^5
解得f(3,5)",0,1328
203,无风险套利,subjective,calculate,"已知：rus=4%,ruk=7%,E0=2美元/英镑，F0=1.98（一年期交割）。应该怎么套利？",,0,1330
206,无风险套利,subjective,calculate,"英镑的现货价格为2美元。如果1年期政府债券的无风险利率在美国为4%，在英国为6%，求：
（1）1年期英镑远期价格必定是多少？
（2）如果实际的远期价格为2.03美元/英镑，投资者应该如何进行无风险套利？","（1）由平价公式，英镑远期价格为：
F0=E0*e^(rus-ruk) =2*e^(0.04-0.06)=1.960美元/英镑
（2）如果实际的远期价格为2.0",0,1333
207,无风险套利,subjective,calculate,标准普尔资产组合每100美元支付红利2美元，现值为950点，国库券利率为5%。假定一年期标准普尔期货价格为980点，请构建一套无风险套利策略。,"理论期货价值F=950*(1+5%-2%)=978.5点，低于实际期货价格。
因此构建头寸：指数现货多头，指数期货空头，借款。
在当前时点上，

备注：首先，用",0,1334
174,有收益标的资产欧式看涨期权和看跌期权之间的平价关系,subjective,calculate,试证明有收益标的资产欧式看涨期权和看跌期权之间的平价关系。,"过程请同学们自行完成。
最后C+I+Xe^(-r(T-t))=P+S 得到证明",0,1306
217,有收益的标的资产欧式看涨看跌期权平价关系,subjective,calculate,期限为3个月的欧式看涨和看跌期权，执行价格都为20美元，现在价格都为3美元。无风险利率为10%。现在标的股票价格为19美元，并在1个月后支付1美元的红利。请说明是否存在套利机会？如果存在，将如何套利？套利结果是什么？,"代入数据左边=3+1*e^(-10%/12)+20*e^(-10%/4)=23.4979
右边=3+19=22
因此存在套利机会
套利策略：
买入一单位标的资产",0,1343
18,有效收益率。,subjective,calculate,国库券面值10000美元，期限90天，以银行贴现率为3%的价格售出。\n（1）国库券价格是多少？\n（2）国库券的90天持有期收益率是多少？\n（3）国库券的有效年收益率是多少？,（1）P=10000*[1-0.03*(90/360)]=9925美元\n（2）90天收益率=(10000-9925)/9925=0.7557%\n（3）EAR,0,1209
114,有效收益率。,subjective,calculate,"国库券面值10000美元，期限90天，以银行贴现率为3%的价格售出。
（1）国库券价格是多少？
（2）国库券的90天持有期收益率是多少？
（3）国库券的有效年收益率是多少？","（1）P=10000*[1-0.03*(90/360)]=9925美元
（2）90天收益率=(10000-9925)/9925=0.7557%
（3）EAR=(",0,1209
189,有现金收益远期公式的推导,subjective,calculate,试证明支付已知现金收益资产的现货远期平价公式F=（S-I）er(T-t)。,"假设F>(S-I)er(T-t),交割价格高于远期理论价格，这样，套利者就可以借入现金S，买入标的资产并卖出一份远期合约，价格为F。在T时刻，需要还本付息Ser",0,1321
212,期权,subjective,calculate,某股票的当前价格是94美元，以该股票为标的，协议价格为95美元，3个月买权的当前售价为4.7美元。某投资者认为股票价格将会上升，他有两个策略可供选择：买入100股股票，或者买入2000份买权，拥有以协议价格买入2000股股票的权利，投资额均,"不妨假设股票价格持续上升，最终涨到x，此时两者收益相同。则有：
第一种方法收益=(x-94)*(9400/94)美元
第二种方法收益=(x-95)*2000-4",0,1338
195,期权交易,subjective,calculate,考虑一牛市期权价格差策略，执行价格为25美元的看涨期权市价4美元，执行价格为40美元的另一看涨期权价格为2.50美元。如果在到期日股价上升为50美元，期权在到期日实施，不考虑交易成本，则到期日的净利润为多少？,"由于是牛市期权策略，故25美元的期权多头，40美元的期权空头。
25美元期权盈利：50-25-4=21美元
40美元期权盈利：-(50-40)+2.5=-7.5",0,1325
213,期权套利,subjective,calculate,"假设A公司当前股票价格为每股350元，标的资产为该股票的，一年期且执行价格为150元的欧式看涨期权价格为280元。与其相同条件的欧式看跌期权价格为69.53元。
（1）一年期无风险零息债券利率是多少？
（2）如果一年期无风险零息债券利率为8","（1）P+S=C+PV(K)
即69.53+350=280+150/(1+rf)  rf=7.5%
（2）当r=8%时，
P+S>C+PV(K)，方向为“卖左买",0,1339
214,期权套利,subjective,calculate,D公司是一家上市公司，其股票于2017年8月1日的收盘价为每股40元，某券商以该股票为标的资产发行看涨期权，执行价格为42元，到期时间3个月。3个月以内公司不会派发股利，3个月以后股价有2种变化的可能：上升到46元或者下降到30元。3个月到,"（1）
p=(e^rt-d)/(u-d)=[e^(4%*3/12)-0.75]/(1.15-0.75)=0.650
C=p*4*e^(-rt)=0.650*4*",0,1340
215,期权套利,subjective,calculate,"股票现价是5元，无风险利率12%，半年之后股价可能上涨到18元，也可能下跌到12元。以该股票为标的的欧式看涨期权，执行价格16元，求：
（1）该欧式看涨期权的价格？
（2）如果看跌期权的价格为2元，应该如何套利？
（3）如果看跌期权的价格为","

备注：为让同学们有更深一层的理解，本题仅提供答案。请感受何为“多空同时”。",0,1341
216,期权套利,subjective,calculate,标的股票价格为31元，执行价格为30元，无风险年收益率为10%，3个月期的欧式看涨期权价格为3元，看跌期权价格为2.25元，如何套利?,"C+Xe^(-r(T-t))=3+30e^(-10%*0.25)=32.259
所以正确的套利过程应该是买入看涨期权，卖空标的和看跌期权，并将得到的净收入30.",0,1342
179,期权定价,subjective,calculate,".在无套利市场中，考虑一个两年期欧式看跌期权，标的股票的当前价格为50元，期权的执行价格是52元。在每一年中，股票的价格都可能上升20%或下降20%。设无风险利率为5%，求：
（1）风险中性概率；
（2）欧式看跌期权的价值。","（1）p=(e^rT-d)/(u-d)=(1.05-0.8)/(1.2-0.8)=5/8
（2）构建如下二叉树：
P=2*5/8*3/8*4*e^(-0.05*",0,1311
194,期货交易,subjective,calculate,1月1日，你卖出一份4月份的标普指数期货合约（乘数为250），当时股指为420点。如果2月1日股指升至430点，要平仓将盈利（损失）多少（不考虑交易费用）？,"空头头寸，(420-430)*250=-2500美元
即损失2500美元

备注：注意头寸是多头还是空头，不要把买入卖出弄反了。",0,1324
57,未来时点现金流折现,subjective,calculate,某公司当前每股盈利为8.25美元，公司增长率为0，同时所有的盈利都作为股利发放。现在公司有一项新项目，在一年内要求进行的投资额为每股1.60美元。该项目仅为期两年，同时它将在投资完成后的两年中使公司每股盈利上升2.10美元和2.45美元。投,（1）P0=EPS/Rs=68.75元\n（2）NPVGO=-1.6/1.12+2.1/1.122+2.45/1.123=1.99\nP’=68.75+1.99,0,1241
142,未来时点现金流折现,subjective,calculate,某公司当前每股盈利为8.25美元，公司增长率为0，同时所有的盈利都作为股利发放。现在公司有一项新项目，在一年内要求进行的投资额为每股1.60美元。该项目仅为期两年，同时它将在投资完成后的两年中使公司每股盈利上升2.10美元和2.45美元。投,"（1）P0=EPS/Rs=68.75元
（2）NPVGO=-1.6/1.12+2.1/1.122+2.45/1.123=1.99
P’=68.75+1.99=7",0,1241
11,本题仅作最后结果。,subjective,calculate,一年期面值为100元的零息债券目前市价为94.34元，2年期零息债券目前市价为84.99元。你正在考虑购买2年期、面值为100元、息票率为12%（每年支付一次利息）的债券。\n（1）2年期零息债券和两年期付息债权的到期收益率分别是多少？\n,（1）8.47%  8.33%\n（2）11%\n（3）100.9,0,1203
109,本题仅作最后结果。,subjective,calculate,"一年期面值为100元的零息债券目前市价为94.34元，2年期零息债券目前市价为84.99元。你正在考虑购买2年期、面值为100元、息票率为12%（每年支付一次利息）的债券。
（1）2年期零息债券和两年期付息债权的到期收益率分别是多少？
（2","（1）8.47%  8.33%
（2）11%
（3）100.9",0,1203
231,杠杆系数,subjective,calculate,"某企业全部固定成本和费用为300万元（含利息），企业资产总额为5000万元，资产负债率为40%，负债平均利息率为5%，净利润为750万元，所得税率为25%。
（1）计算DOL、DFL、DTL
（2）预计营业收入增长20%，企业每股收益增长多","（1）NI=750万元
EBIT=750/75%+5000*40%*5%=1100
DOL=(1100+200)/1100=1.18
DFL=1100/(110",0,1358
27,构建远期贷款,subjective,calculate,假设不同期限的零息债券价格如下所示，债券面值1000美元。\n计算每年的远期利率\n请你使用如上零息债券为银行构建一个从第三年开始的1年期远期贷款，并证实贷款利率等于远期利率。\n若远期贷款在第四年开始执行，再次回答（2）。,（2）对于现在发行的3年期零息债券来说\n可以用发行收入购买782.92/715=1.095只4年期债券，因此，现金流状况如下\n这是一种从第三年开始的1年期合,0,1213
118,构建远期贷款,subjective,calculate,"假设不同期限的零息债券价格如下所示，债券面值1000美元。
计算每年的远期利率
请你使用如上零息债券为银行构建一个从第三年开始的1年期远期贷款，并证实贷款利率等于远期利率。
若远期贷款在第四年开始执行，再次回答（2）。","（2）对于现在发行的3年期零息债券来说
可以用发行收入购买782.92/715=1.095只4年期债券，因此，现金流状况如下
这是一种从第三年开始的1年期合成贷",0,1213
168,标准差的计算,subjective,calculate,"下表是两只股票的估计：
市场指数标准差为22%，无风险利率为8%。
股票A、B的标准差各是多少？
假设我们要构建一个组合，股票A占30%，股票B占45%，短期国债占25%，计算组合的期望收益、标准差、β和非系统性标准差。","代入数据，
（2）
资产组合的方差
其中是系统性风险，是非系统性风险
由于残差不相关，所以:
因此

备注：这类题型看似比较复杂，但实际上难度不大，单因子模型就",0,1300
233,每股收益无差别点,subjective,calculate,"K股份有限公司正在比较两种不同的资本结构。计划I是发行1100股股票和负债16500美元。计划II是发行900股股票和负债27500美元。负债的利率是10%
（1）公司在全权益的情况下，将在外发行1400股股票。假设公司的EBIT为1000","（1）全权益：10000/1400=7.14
情况I：(10000-16500*10%)/1100=7.59
情况II：(10000-2750)/900=8.0",0,1360
190,汇率远期,subjective,calculate,某日纽约外汇市场即期汇率美元/瑞士法郎1.7130-40，三个月远期差价140-135，则远期汇率为多少？,,0,1322
61,沉没成本,subjective,calculate,Y公司在评估西部投资建厂的经济效益。该项目的生命周期预期为5年。公司在3年前已经以800万元购入了一块土地，如果公司现在出售该块土地，会获得税后650万元，如果5年后出售该块土地，保守估计仍会获得税后650万元。公司决定将厂房建于该块土地，,（1）-650-1500-90=-2240万元\n（2）D=1500/8=187.5万元\n残值=1500-187.5*5=562.5万元\n纳税调整=500-,0,1245
143,沉没成本,subjective,calculate,Y公司在评估西部投资建厂的经济效益。该项目的生命周期预期为5年。公司在3年前已经以800万元购入了一块土地，如果公司现在出售该块土地，会获得税后650万元，如果5年后出售该块土地，保守估计仍会获得税后650万元。公司决定将厂房建于该块土地，,"（1）-650-1500-90=-2240万元
（2）D=1500/8=187.5万元
残值=1500-187.5*5=562.5万元
纳税调整=500-（50",0,1245
72,盈亏平衡分析,subjective,calculate,"某型号发动机计划在未来五年进行生产和销售。发动机的售价是200万美元，单位变动成本是100万美元，固定成本是17.91亿美元，折旧为3亿美元，初始投资为15亿美元，税率为34%，折现率为15%，求其会计盈亏平衡点与财务盈亏平衡点。(P/A,","会计盈亏平衡点=(F+D)/(P-V)=(17.91+3)亿/(200-100)万=2091万
EAC=15/(P/A,15%,5)=4.475亿
财务盈亏平衡",0,1256
74,盈亏平衡点,subjective,calculate,D公司正考虑一个新项目的可行性，项目初始投资额为160万元，预计寿命10年，期末无残值，年广告费为15万元。单位产品成本2元，预期售价每件6元。假设折现率10%，公司所得税25%，求该项目会计盈亏平衡点和财务盈亏平衡点。（PVIFA（10%,"会计盈亏平衡点=(F+D)/(P-C)=(15+16)/(6-2)=7.75万
EAC=160/6.144=26.04万元
财务盈亏平衡点=[EAC+F*(1-",0,1258
75,盈亏平衡点,subjective,calculate,YZ公司投资100万元儿童安全座椅生产线，预计生产每件安全座椅的变动成本2000元，每年固定成本为23万元（含折旧），预计市场售价为3000元，项目必要报酬率为8%，所得税率为25%。该项目的项目周期为5年，按直线法计提折旧，预计残值5万元,"D=95/5=19万元
EAC=(100-5/1.085)/3.9927=24.198万元
Q=[24.198+4*(1-25%)-19*0.25]/[(300",0,1259
236,盈亏平衡点EBIT的计算,subjective,calculate,"某公司正在比较两种不同的资本结构，全权益计划（计划Ⅰ）与杠杆计划（计划Ⅱ）。在计划Ⅰ中，公司将发行250000股股票。在计划Ⅱ下，公司将发行150000股股票以及300万美元的负债。负债的利率为12%，假设不存在税收。
如果EBIT为800","计划Ⅱ，利息I=300*0.12=36万美元
EPS=(80-36)/15=2.93美元/股
此时，计划Ⅰ对应的EPS更高
（2）计划Ⅰ，EPS=160/25=",0,1363
51,相关系数的计算,subjective,calculate,假设指数模型回归使用的是超额收益。\nRA=3%+0.7Rm+eA\nRB=-2%+1.2Rm+eB\nσm=20%\n=0.2\n=0.12\n（1）每只股票的标准差是多少？\n（2）两只股票之间的协方差和相关系数是多少？\n（3）若组合,因此\n解得σA=31.3%\n同理σB=69.28%\n（2）A和B的收益率的协方差为（由于残差被假定是不相关的）\n所以相关系数为\n（3）\n\n备注：注,0,1235
137,相关系数的计算,subjective,calculate,"假设指数模型回归使用的是超额收益。
RA=3%+0.7Rm+eA
RB=-2%+1.2Rm+eB
σm=20%
=0.2
=0.12
（1）每只股票的标准差是多少？
（2）两只股票之间的协方差和相关系数是多少？
（3）若组合P投资于A股票6","因此
解得σA=31.3%
同理σB=69.28%
（2）A和B的收益率的协方差为（由于残差被假定是不相关的）
所以相关系数为
（3）

备注：注意R2的含义，",0,1235
169,看涨看跌平价公式（PCP）,subjective,calculate,考虑同一股票的一年期看涨期权和一年期看跌期权，两者的执行价格都是100美元。如果无风险利率为5%，股票的市场价格为103元，且看跌期权价格为7.5美元，则看涨期权价格为多少？,,0,1301
60,租赁,subjective,calculate,某企业计划使用一种大型设备，既可以采用购买的方式，也可以采用租赁的方式。若采取购买方式，企业需要一次性支付设备价格300万元，预计使用年限6年，残值60万元，直线折旧。若采取租赁的方式，企业需要每年支付租赁费70万元，租赁期6年。假定贴现率,"购买：
NPV=-300+40*0.25*4.114+60*0.5066=-228.464万元
租赁：
-70*(1-25%)*4.114=-215.985万元",0,1244
96,税盾折现,subjective,calculate,某公司调整其债务使其利息花费永远为自由现金流的20%。公司正在考虑扩张，且扩张后今年能带来200万元的自由现金流，公司期望每年自由现金流的增长率为3.8%，假设W公司的边际公司税率为36%。\n（1）如果此次扩张的无杠杆资本成本为10.6%,（1）Vu=200/(10.06%-3.8%)=2941.18万元\n（2）利息税盾=200*20%*36%/(10.6%-3.8%)=211.76万元\nVL,0,1285
159,税盾折现,subjective,calculate,"某公司调整其债务使其利息花费永远为自由现金流的20%。公司正在考虑扩张，且扩张后今年能带来200万元的自由现金流，公司期望每年自由现金流的增长率为3.8%，假设W公司的边际公司税率为36%。
（1）如果此次扩张的无杠杆资本成本为10.6%，","（1）Vu=200/(10.06%-3.8%)=2941.18万元
（2）利息税盾=200*20%*36%/(10.6%-3.8%)=211.76万元
VL=2",0,1285
91,米勒模型,subjective,calculate,公司U无负债，公司L有10万元的债务，债务资本为8%，假设两家公司的息税前利润为10万元且永续，公司所的税率为25%.假设公司U和公司L都将所有的净利润作为股利支付给股东，股东的个人所得税率为20%，利息的个人所得税率为5%，公司U的折现率,"Vu=10*(1-25%)/20%=37.5
VL=Vu+B*[1-(1-tc)*(1-ts)/(1-tb)]
VL=30+10*[1-(1-25%)*(1-2",0,1280
67,约当年均成本法。,subjective,calculate,你正在评估两台不同的硅晶片采矿机。T1型号成本为270000美元，使用期限为3年，每年税前运营成本为45000美元。T2型号成本为370000美元，使用期限为五年，每年税前运营成本48000美元。这两台采矿机都采用直线折旧法进行折旧，在使用,"残值的纳税调整=20000-20000*35%=13000美元
OCF1=(0-45000)*(1-0.35)+(270000/3)*0.35=2250美元
N",0,1251
228,绩效评价指标,subjective,calculate,"
市场上的无风险利率为5%，求：
（1）每只股票的期望收益率和α值
（2）识别并判断哪只股票能更好满足投资者的如下需求：
a.将该股票加入一个风险被充分分散的资产组合；
b.将该股票作为单一股票组合来持有。","（1）根据CAPM，股票X的期望收益率=5%+0.8*(14%-5%)=12.2%
股票X的α=14%-12.2%=1.8%
股票Y的期望收益率=5%+1.5*",0,1355
230,绩效评价指标,subjective,calculate,"考虑对股票A和B的两个（超额收益）指数模型回归结果，在这段时间内无风险利率为6%，市场平均回报率为14%，对项目的超额收益以指数回归模型来测度。
（1）计算每只股票的阿尔法值、信息比率、夏普测度、特雷诺指数
（2）在下列情况下哪只股票是最佳","（1）σa=1%  σb=2%
IRa=1%/10.3%=9.71%
IRb=2%/19.1%=10.47%
SRa=(1%+1.2*8%)/21.6%=0.4",0,1357
182,美式期权二叉树的计算,subjective,calculate,上题中欧式看跌期权变为美式看跌期权，期权价值如何？,"提前行权二叉树如下所示：
不行权二叉树如下所示：
全部节点进行对比，最终的期权二叉树变为：

备注：美式期权和欧式期权的区别在于美式期权可以提前行权，因此美式期",0,1314
52,股利贴现模型,subjective,calculate,某证券的市场价格为50美元，期望收益率是14%，无风险利率为6%，市场风险溢价为8.5%，如果该证券与市场组合的相关系数加倍（其他保持不变），该证券的市场价格是多少？假设该股票永远支付固定的股利。,"如果该证券与市场组合的相关系数加倍（其他所有变量保持不变），那么β将加倍。
14%=6%+β*(8.5%-6%)
解得β=3.2，变动后β=6.4
变动后股票期",0,1236
43,股票估值,subjective,calculate,已知无风险资产收益率为8%，市场组合收益率为15%````，某股票的贝塔系数为1.2，派息比率为40%，最近每股盈利为10美元，每年付一次的股息刚刚支付。预期该股票的股东权益收益率为20%。\n（1）求该股票的内在价值。\n（2）假如当前股,（1）r=rf+β*(rm-rf)=16.4%\ng=b*ROE=(1-d)*ROE=12%\nV0=D1/(r-g)=101.82元\n（2）V1=V0*(1,0,1227
48,股票估值,subjective,calculate,A公司预计明年将支付2.25美元的股息。无风险利率为4.25%，市场组合的预期收益率为12.5%。预计明年A公司的股票价格是23美元。该公司股票的β是1.35。求：\n（1）公司股票的预期收益率\n（2）现在公司股票的内在价值\n（3）若未,（1）E(Ra)=4.25%+1.35*(12.5%-4.25%)=15.39%\n（2）P0=(D1+P1)/(1+r)=(2.25+23)/(1+0.153,0,1232
129,股票估值,subjective,calculate,"已知无风险资产收益率为8%，市场组合收益率为15%````，某股票的贝塔系数为1.2，派息比率为40%，最近每股盈利为10美元，每年付一次的股息刚刚支付。预期该股票的股东权益收益率为20%。
（1）求该股票的内在价值。
（2）假如当前股价为","（1）r=rf+β*(rm-rf)=16.4%
g=b*ROE=(1-d)*ROE=12%
V0=D1/(r-g)=101.82元
（2）V1=V0*(1+g)",0,1227
134,股票估值,subjective,calculate,"A公司预计明年将支付2.25美元的股息。无风险利率为4.25%，市场组合的预期收益率为12.5%。预计明年A公司的股票价格是23美元。该公司股票的β是1.35。求：
（1）公司股票的预期收益率
（2）现在公司股票的内在价值
（3）若未来公司","（1）E(Ra)=4.25%+1.35*(12.5%-4.25%)=15.39%
（2）P0=(D1+P1)/(1+r)=(2.25+23)/(1+0.1539",0,1232
83,自制杠杆,subjective,calculate,A公司与B公司是两家除了资本结构外完全一样的公司，A公司是全权益融资，运用股票进行融资的金额为800000美元。B公司同时运用股票和永续债券，股票价值为400000美元，同时该债券的利率为10%。两家公司预期的息税前利润为95000美元，忽,（1）(95000-400000*10%)/400000=13.75%\n（2）借入30000美元，加上本金30000买入A公司的股票。\n（3）A公司的权益资,0,1268
154,自制杠杆,subjective,calculate,A公司与B公司是两家除了资本结构外完全一样的公司，A公司是全权益融资，运用股票进行融资的金额为800000美元。B公司同时运用股票和永续债券，股票价值为400000美元，同时该债券的利率为10%。两家公司预期的息税前利润为95000美元，忽,"（1）(95000-400000*10%)/400000=13.75%
（2）借入30000美元，加上本金30000买入A公司的股票。
（3）A公司的权益资本成",0,1268
239,认股权证,subjective,calculate,"甲公司是一家高科技上市公司，目前正处于高速增长时期。公司为了开发新项目，继续筹资10000万元，公司拟采取发行附送认股权证债券的方式，相关资料如下：
（1）发行10年期认股权证债券10万份，每份债券面值为1000元，票面利率7%，每年年末付","（1）
每份纯债券价值=1000*7%*PVIFA(8%,10)+1000/(1+8%)^10=932.91
（2）
每份认股权证的价值=(1000-932.9",0,1366
53,证券市场线,subjective,calculate,下表给出了某证券分析师在给定两个市场收益情况下两只股票收益率\n（单位：%）\n（1）两只股票的β各是多少？\n（2）如果市场收益为5%和25%的可能性相同，两只股票的期望收益是多少？\n（3）如果国债利率为6%，市场收益为5%和25%的可,（1）β是股票收益对市场收益的敏感程度，即是市场收益每变动一单位股票收益的相应变化\nβA=(0.38-(-0.02))/(0.25-0.05)=2 同理βB=,0,1237
138,证券市场线,subjective,calculate,"下表给出了某证券分析师在给定两个市场收益情况下两只股票收益率
（单位：%）
（1）两只股票的β各是多少？
（2）如果市场收益为5%和25%的可能性相同，两只股票的期望收益是多少？
（3）如果国债利率为6%，市场收益为5%和25%的可能性相同","（1）β是股票收益对市场收益的敏感程度，即是市场收益每变动一单位股票收益的相应变化
βA=(0.38-(-0.02))/(0.25-0.05)=2 同理βB=0",0,1237
95,请试作答。,subjective,calculate,某公司在考虑收购另一家公司，此收购为横向并购（假定目标公司和收购公司具有相同的风险水平）。目标公司的负债权益比为1:1，每年EBIT为500万元。收购公司的负债与权益市值比为3:7.假定收购公司收购了目标公司后，资本结构保持不变。无风险利率,（1）债务成本=Rb*(1-tc)=3.75%\n权益资本成本20.89%\n（2）目标公司价值3043.83万元\nB=S=1521.92万元,0,1284
158,请试作答。,subjective,calculate,某公司在考虑收购另一家公司，此收购为横向并购（假定目标公司和收购公司具有相同的风险水平）。目标公司的负债权益比为1:1，每年EBIT为500万元。收购公司的负债与权益市值比为3:7.假定收购公司收购了目标公司后，资本结构保持不变。无风险利率,"（1）债务成本=Rb*(1-tc)=3.75%
权益资本成本20.89%
（2）目标公司价值3043.83万元
B=S=1521.92万元",0,1284
44,贝塔系数,subjective,calculate,某投资者希望在2020年进行股票投资，现有A、B两家公司的股票可供投资者选择。从2019年12月31日的有关会计报表及补充资料中可知，当年A公司税后净利润为800万元，发放的每股股利为5元，市盈率为5，A公司发行在外的股数为100万股，每股,（1）利用CAPM模型：\nRa=8%+2*(12%-8%)=16%\nRb=8%+1.5*(12%-8%)=14%\n利用股利折现模型计算股票理论价值：\nP,0,1228
130,贝塔系数,subjective,calculate,某投资者希望在2020年进行股票投资，现有A、B两家公司的股票可供投资者选择。从2019年12月31日的有关会计报表及补充资料中可知，当年A公司税后净利润为800万元，发放的每股股利为5元，市盈率为5，A公司发行在外的股数为100万股，每股,"（1）利用CAPM模型：
Ra=8%+2*(12%-8%)=16%
Rb=8%+1.5*(12%-8%)=14%
利用股利折现模型计算股票理论价值：
Pa=5*",0,1228
73,财务盈亏平衡点,subjective,calculate,某集团公司要进行一项投资期为2年的项目投资。初始投资为60万元，该项目的市场规模一共有70万元，该公司占有10%的市场份额。每件商品的单价为20元，可变成本10元，年固定成本10万元（不包括折旧），公司税率为20%，投资者要求回报率为10%,（1）OCF=(收入-成本)*（1-t）+折旧*t=54万元\nNPV=-60+54/1.1+54/1.12=33.72万元\n（2）EAC=60/1.7355,0,1257
149,财务盈亏平衡点,subjective,calculate,某集团公司要进行一项投资期为2年的项目投资。初始投资为60万元，该项目的市场规模一共有70万元，该公司占有10%的市场份额。每件商品的单价为20元，可变成本10元，年固定成本10万元（不包括折旧），公司税率为20%，投资者要求回报率为10%,"（1）OCF=(收入-成本)*（1-t）+折旧*t=54万元
NPV=-60+54/1.1+54/1.12=33.72万元
（2）EAC=60/1.7355=3",0,1257
225,货币互换,subjective,calculate,假设美元和日元的LIBOR的期限结构是平的，在日本是2%而在美国是6%（均为连续复利）某一金融机构在一笔货币互换中每年收入日元，利率为3%(每年计一次复利），同时付出美元，利率为6.5%（每年计一次复利）两种货币的本金分别为1000万美元和,"BD=65e^(-0.06*1)+65e^(-0.06*2)+1065e^(-0.06*3)=1008.427万美元
BF=3600e^(-0.02*1)+36",0,1352
242,货币创造,subjective,calculate,设某商业银行吸收原始存款100亿元，其存款准备率为10％，客户提取现金率为10％，不考虑其他因素，该商业银行能创造多少派生存款?,"D＝R／(r1+r2)＝100／(10％+10％)＝ 100／20％＝500亿元
500-100＝400亿元
该商业银行能创造400亿元的派生存款。
B＝C+R",0,1369
243,货币创造,subjective,calculate,"某国商业银行体系共持有准备金300亿元,公众持有的通货现金数量为100亿元,中央银行对活期存款和非个人定期存款规定的法定准备率分别为15%和10%,据测算,流通中的现金漏损率为25%,商业银行的超额准备率为5%,非个人定期存款比率为50%。","H=R+C=400亿元
存款乘数=1/(rd+e+k+rt*t)=1/(15%+50%*10%+5%+25%)=2
货币乘数=(1+k)/(rd+e+k+rt*",0,1372
166,资产组合理论,subjective,calculate,"假设APT模型中有两个风险因素，下表说明了A、B、C三种股票对两个因素的敏感程度。
假定因素1的预期风险溢价为4%，因素2的预期风险溢价为10%。根据APT回答以下问题：
（1）比较这三种股票的风险溢价。
（2）假设你投资2000元购买A、","（1）Ra=1.8*4%+0.5*10%=12.2%
Rb=-1.0*4%+1.5*10%=11%
Rc=1.5*4%+1.0*10%=16%
（2）投资比例为",0,1298
79,资本成本,subjective,calculate,阿尔法公司目前的资本来源如下：债务资本通过公司债券进行融资，该债券的票面利率为8%，每年付息一次，10年后到期，每张债券面值1000元，当前市价964元，共发行100万张；股权资本通过普通股进行融资，流通在外的普通股共10000万股，每股面,"（1）1000*8%*PVIFA(rb,10)+1000/(1+rb)^10=964\n解得rb=6.5%\nrs=4.5%+1.5×5%=12%\n（2）B/",0,1264
80,资本成本,subjective,calculate,某公司拟筹资1亿元。其中向银行贷款2000万，票面利率8%，筹资费率2%；发行优先股2000万，股利率为10%，筹资费率3%；发行普通股4000万，筹资费率5%，预计第一年股利率为10%，以后每年按5%递增；留存收益为2000万元，第一年末,"债务成本=2000*8%*(1-40%)/2000*(1-2%)=4.90%
优先股成本=D/P=2000*10%/2000*(1-3%)=10.31%
普通股",0,1265
152,资本成本,subjective,calculate,阿尔法公司目前的资本来源如下：债务资本通过公司债券进行融资，该债券的票面利率为8%，每年付息一次，10年后到期，每张债券面值1000元，当前市价964元，共发行100万张；股权资本通过普通股进行融资，流通在外的普通股共10000万股，每股面,"（1）1000*8%*PVIFA(rb,10)+1000/(1+rb)^10=964
解得rb=6.5%
rs=4.5%+1.5×5%=12%
（2）B/V=9",0,1264
63,资本预算,subjective,calculate,某公司正考虑一投资方案，此方案需前期投资1000万，之后每年可增加税后收益160万，目前公司的资本结构负债与权益比例为1:2，债券收益率为6%。该公司股票的贝塔系数为1.2，无风险资产利率为4%，市场平均收益率为12%，公司税率为25%。由,"Rf=4%  Rs=4%+1.2*8%=13.6%
Rwacc=1/3*6%*75%+2/3*13.6%+2%=12.57%
NPV=160/12.57%-10",0,1247
171,跨式期权,subjective,calculate,"假设某公司的普通股几个月来一直在50元/股附近的价格交易，你认为接下来的3个月里，股票价格将继续在此价格附近波动，并假设执行价格为50元的三个月期的put价格为4元。
（1）若无风险利率为10%，而以该公司股票为标的、执行价格为50的三个月","（1）call的价格为：
C=P+S-Ke^(-rt)=4+50-50e^(-0.1*3/12)=5.18美元
（2）由于未来价格波动不确定，可以同时进入一份c",0,1303
178,远期价格,subjective,calculate,"某股票当前价格为10元，三个月后要么上涨为12元，要么下跌为9元，该股票协议价格为10元的欧式看涨期权价格为0.8元。
（1）该股票三个月的风险中性概率是多少？
（2）协议价格为11元的三个月欧式看跌期权的价格是多少？
（3）该股票三个月的","（1）
p=[e^(r*1/4)-0.9]/(1.2-0.9)
2*p*e^(-r*1/4)=0.8
联立得到r=8.98%  P=0.409
（2）
2*0.",0,1310
30,远期利率,subjective,calculate,公司有三种零息债券，剩余期限1年期的到期收益率为10%，剩余期限2年期的到期收益率为11%，剩余期限3年期的到期收益率为12%，求：\n（1）隐含的1年以后的1年远期利率及2年以后1年期远期利率是多少？\n（2）若无偏预期理论证券，市场预期,"（1）(1+r1)(1+f1,2)=(1+r2)^2\nf1,2=12.01%\n(1+r2)^2*(1+f2,3)=(1+r3)^3\nf2,3=14.03%",0,1215
121,远期利率,subjective,calculate,"公司有三种零息债券，剩余期限1年期的到期收益率为10%，剩余期限2年期的到期收益率为11%，剩余期限3年期的到期收益率为12%，求：
（1）隐含的1年以后的1年远期利率及2年以后1年期远期利率是多少？
（2）若无偏预期理论证券，市场预期正确","（1）(1+r1)(1+f1,2)=(1+r2)^2
f1,2=12.01%
(1+r2)^2*(1+f2,3)=(1+r3)^3
f2,3=14.03%
（2",0,1215
98,项目估值,subjective,calculate,W集团公司正在考虑一个2000万的投资项目，其资金来源于权益融资和银行借款，公司的目标负债权益比为1.预计该项目每年将产生息税前收益800万元，且永续。假设银行借款利率为10%，权益资本成本为20%，公司所得税率为25%。试用wacc法评估,"Rwacc=0.5*10%*0.75+0.5*20%=13.75%
NPV=800*(1-25%)/13.75%-2000=2363.64万元

备注：本题为简",0,1287
232,项目估值,subjective,calculate,S公司的销售净利率为3%，资本密集度为1，负债权益比为0.5，股利支付率为0.4，其可持续增长率为多少？如果S公司的可持续增长率达到10%，并计划通过提高销售净利率来实现这个目标，你认为如何？,"Rwacc=0.5*10%*0.75+0.5*20%=13.75%
NPV=800*(1-25%)/13.75%-2000=2363.64万元

备注：背熟财务",0,1359
10,预期假说理论,subjective,calculate,1年期零息债券的到期收益率是7%，2年期零息债券的到期收益率为8%，财政部计划发行2年期的附息债券，息票率为9%，每年支付一次。债券面值为100元。\n（1）该债券的售价将是多少？\n（2）该债券的到期收益率将是多少？\n（3）如果预期假说,（1）P=9/1.07+109/1.082=101.86元\n（2）9/(1+r)+109/(1+r)2\n解得r=7.96%\n（3）令远期利率为f\n则，(,0,1202
108,预期假说理论,subjective,calculate,"1年期零息债券的到期收益率是7%，2年期零息债券的到期收益率为8%，财政部计划发行2年期的附息债券，息票率为9%，每年支付一次。债券面值为100元。
（1）该债券的售价将是多少？
（2）该债券的到期收益率将是多少？
（3）如果预期假说正确的","（1）P=9/1.07+109/1.082=101.86元
（2）9/(1+r)+109/(1+r)2
解得r=7.96%
（3）令远期利率为f
则，(1+7%",0,1202
205,风险管理,subjective,calculate,短期债券收益率一般比长期债券收益率波动性更高。假定你估计出5年期债券收益率每上升15个bp，20年债券收益率上升10个bp。你持有一个价值100万美元的5年期、修正久期4年的资产组合，并且希望通过修正久期9年，售价F0=95美元的国债期货（,"当资产组合收益率上升1.5个bp，国债期货上升1个bp时，
资产组合的损失=1000000*Δy*D*=1000000*0.00015*4=600美元
每100",0,1332
102,马科维茨理论,subjective,calculate,"考虑以下风险资产组合和无风险资产的信息：E(Rp)=11% ,σp=15% ,rf=5%\n（1）如果投资者A要把总投资预算的多大一部分投资于风险资产组合中，才能使总投资预期回报率等于8%？在风险资产组合P上投入的比例是多少？在无风险资产方",（1）5%+y*(11%-5%)=8%\n解得y=0.5\n即一半投入于风险资产，一半投入于无风险资产。\n（2）0.5*15%=7.5%\n\n备注：如果不懂,0,1291
103,马科维茨理论,subjective,calculate,市面上有两只股票，股票A的标准差为30%，股票B的标准差为20%，不允许卖空，若两只股票的相关系数为1，怎样的组合可以使投资组合的风险最小？若相关系数为-1，风险最小的投资组合又应当如何构建？,"当相关系数为1时，将100%投资于B
当相关系数为-1时：
wa=σb/(σa+σb)=40%
wb=σa/(σa+σb)=60%

备注：此类题画图即可。如不",0,1292
164,马科维茨理论,subjective,calculate,"考虑以下风险资产组合和无风险资产的信息：E(Rp)=11% ,σp=15% ,rf=5%
（1）如果投资者A要把总投资预算的多大一部分投资于风险资产组合中，才能使总投资预期回报率等于8%？在风险资产组合P上投入的比例是多少？在无风险资产方面","（1）5%+y*(11%-5%)=8%
解得y=0.5
即一半投入于风险资产，一半投入于无风险资产。
（2）0.5*15%=7.5%

备注：如果不懂第一问的做",0,1291
